{
    "type": "FeatureCollection",
    "features": [
        {
            "type": "Feature",
            "geometry": {
                "type": "Point",
                "coordinates": [
                    -58.535278,
                    -34.824167
                ]
            },
            "properties": {
                "aerovia": "A305",
                "waypoint": "EZE",
                "nivel_vuelo": "FL 245",
                "coordenada_original": "344927S-0583207W"
            }
        },
        {
            "type": "Feature",
            "geometry": {
                "type": "Point",
                "coordinates": [
                    -57.517222,
                    -34.716111
                ]
            },
            "properties": {
                "aerovia": "A305",
                "waypoint": "DORVO",
                "nivel_vuelo": "FL 50",
                "coordenada_original": "344258S-0573102W"
            }
        },
        {
            "type": "Feature",
            "geometry": {
                "type": "Point",
                "coordinates": [
                    -56.883889,
                    -34.982778
                ]
            },
            "properties": {
                "aerovia": "A306",
                "waypoint": "UGIMI",
                "nivel_vuelo": "FL 245",
                "coordenada_original": "345858S-0565302W"
            }
        },
        {
            "type": "Feature",
            "geometry": {
                "type": "Point",
                "coordinates": [
                    -57.898333,
                    -34.975833
                ]
            },
            "properties": {
                "aerovia": "A306",
                "waypoint": "PTA",
                "nivel_vuelo": "FL 60",
                "coordenada_original": "345833S-0575354W"
            }
        },
        {
            "type": "Feature",
            "geometry": {
                "type": "Point",
                "coordinates": [
                    -58.535278,
                    -34.824167
                ]
            },
            "properties": {
                "aerovia": "A306",
                "waypoint": "EZE",
                "nivel_vuelo": "FL 50",
                "coordenada_original": "344927S-0583207W"
            }
        },
        {
            "type": "Feature",
            "geometry": {
                "type": "Point",
                "coordinates": [
                    -69.9,
                    -33.8
                ]
            },
            "properties": {
                "aerovia": "A307",
                "waypoint": "NEBEG",
                "nivel_vuelo": "N/A",
                "coordenada_original": "334800S-0695400W"
            }
        },
        {
            "type": "Feature",
            "geometry": {
                "type": "Point",
                "coordinates": [
                    -68.8675,
                    -33.899444
                ]
            },
            "properties": {
                "aerovia": "A307",
                "waypoint": "ESITO",
                "nivel_vuelo": "FL 230",
                "coordenada_original": "335358S-0685203W"
            }
        },
        {
            "type": "Feature",
            "geometry": {
                "type": "Point",
                "coordinates": [
                    -68.790833,
                    -32.831944
                ]
            },
            "properties": {
                "aerovia": "A307",
                "waypoint": "DOZ",
                "nivel_vuelo": "FL 110",
                "coordenada_original": "324955S-0684727W"
            }
        },
        {
            "type": "Feature",
            "geometry": {
                "type": "Point",
                "coordinates": [
                    -68.233056,
                    -32.658889
                ]
            },
            "properties": {
                "aerovia": "A307",
                "waypoint": "NIRTA",
                "nivel_vuelo": "FL 195",
                "coordenada_original": "323932S-0681359W"
            }
        },
        {
            "type": "Feature",
            "geometry": {
                "type": "Point",
                "coordinates": [
                    -67.77,
                    -32.5125
                ]
            },
            "properties": {
                "aerovia": "A307",
                "waypoint": "SALBO",
                "nivel_vuelo": "FL 70",
                "coordenada_original": "323045S-0674612W"
            }
        },
        {
            "type": "Feature",
            "geometry": {
                "type": "Point",
                "coordinates": [
                    -66.512222,
                    -32.104444
                ]
            },
            "properties": {
                "aerovia": "A307",
                "waypoint": "SOLER",
                "nivel_vuelo": "FL 80",
                "coordenada_original": "320616S-0663044W"
            }
        },
        {
            "type": "Feature",
            "geometry": {
                "type": "Point",
                "coordinates": [
                    -65.196389,
                    -31.660278
                ]
            },
            "properties": {
                "aerovia": "A307",
                "waypoint": "ALDEX",
                "nivel_vuelo": "FL 80",
                "coordenada_original": "313937S-0651147W"
            }
        },
        {
            "type": "Feature",
            "geometry": {
                "type": "Point",
                "coordinates": [
                    -64.203611,
                    -31.313333
                ]
            },
            "properties": {
                "aerovia": "A307",
                "waypoint": "CBA",
                "nivel_vuelo": "FL 110",
                "coordenada_original": "311848S-0641213W"
            }
        },
        {
            "type": "Feature",
            "geometry": {
                "type": "Point",
                "coordinates": [
                    -63.338056,
                    -30.775833
                ]
            },
            "properties": {
                "aerovia": "A307",
                "waypoint": "TREJO",
                "nivel_vuelo": "FL 145",
                "coordenada_original": "304633S-0632017W"
            }
        },
        {
            "type": "Feature",
            "geometry": {
                "type": "Point",
                "coordinates": [
                    -62.683056,
                    -30.3625
                ]
            },
            "properties": {
                "aerovia": "A307",
                "waypoint": "PULOV",
                "nivel_vuelo": "FL 145",
                "coordenada_original": "302145S-0624059W"
            }
        },
        {
            "type": "Feature",
            "geometry": {
                "type": "Point",
                "coordinates": [
                    -61.925278,
                    -29.873333
                ]
            },
            "properties": {
                "aerovia": "A307",
                "waypoint": "ERE",
                "nivel_vuelo": "FL 145",
                "coordenada_original": "295224S-0615531W"
            }
        },
        {
            "type": "Feature",
            "geometry": {
                "type": "Point",
                "coordinates": [
                    -60.9925,
                    -29.106944
                ]
            },
            "properties": {
                "aerovia": "A307",
                "waypoint": "SARNA",
                "nivel_vuelo": "FL 50",
                "coordenada_original": "290625S-0605933W"
            }
        },
        {
            "type": "Feature",
            "geometry": {
                "type": "Point",
                "coordinates": [
                    -59.799167,
                    -28.094722
                ]
            },
            "properties": {
                "aerovia": "A307",
                "waypoint": "ESMOS",
                "nivel_vuelo": "FL 50",
                "coordenada_original": "280541S-0594757W"
            }
        },
        {
            "type": "Feature",
            "geometry": {
                "type": "Point",
                "coordinates": [
                    -59.057222,
                    -27.446944
                ]
            },
            "properties": {
                "aerovia": "A307",
                "waypoint": "SIS",
                "nivel_vuelo": "FL 245",
                "coordenada_original": "272649S-0590326W"
            }
        },
        {
            "type": "Feature",
            "geometry": {
                "type": "Point",
                "coordinates": [
                    -58.456111,
                    -27.212222
                ]
            },
            "properties": {
                "aerovia": "A307",
                "waypoint": "BOBIK",
                "nivel_vuelo": "FL 70",
                "coordenada_original": "271244S-0582722W"
            }
        },
        {
            "type": "Feature",
            "geometry": {
                "type": "Point",
                "coordinates": [
                    -56.250556,
                    -35.299444
                ]
            },
            "properties": {
                "aerovia": "A310",
                "waypoint": "DARKA",
                "nivel_vuelo": "N/A",
                "coordenada_original": "351758S-0561502W"
            }
        },
        {
            "type": "Feature",
            "geometry": {
                "type": "Point",
                "coordinates": [
                    -56.958333,
                    -36.741667
                ]
            },
            "properties": {
                "aerovia": "A310",
                "waypoint": "ROPIS",
                "nivel_vuelo": "FL 195",
                "coordenada_original": "364430S-0565730W"
            }
        },
        {
            "type": "Feature",
            "geometry": {
                "type": "Point",
                "coordinates": [
                    -57.576389,
                    -37.929722
                ]
            },
            "properties": {
                "aerovia": "A310",
                "waypoint": "MDP",
                "nivel_vuelo": "FL 80",
                "coordenada_original": "375547S-0573435W"
            }
        },
        {
            "type": "Feature",
            "geometry": {
                "type": "Point",
                "coordinates": [
                    -58.000556,
                    -34.416111
                ]
            },
            "properties": {
                "aerovia": "A314",
                "waypoint": "PAPIX",
                "nivel_vuelo": "N/A",
                "coordenada_original": "342458S-0580002W"
            }
        },
        {
            "type": "Feature",
            "geometry": {
                "type": "Point",
                "coordinates": [
                    -58.535278,
                    -34.824167
                ]
            },
            "properties": {
                "aerovia": "A314",
                "waypoint": "EZE",
                "nivel_vuelo": "FL 50",
                "coordenada_original": "344927S-0583207W"
            }
        },
        {
            "type": "Feature",
            "geometry": {
                "type": "Point",
                "coordinates": [
                    -57.875278,
                    -25.731667
                ]
            },
            "properties": {
                "aerovia": "A428",
                "waypoint": "ARPAS",
                "nivel_vuelo": "N/A",
                "coordenada_original": "254354S-0575231W"
            }
        },
        {
            "type": "Feature",
            "geometry": {
                "type": "Point",
                "coordinates": [
                    -58.224722,
                    -26.210278
                ]
            },
            "properties": {
                "aerovia": "A428",
                "waypoint": "FSA",
                "nivel_vuelo": "N/A",
                "coordenada_original": "261237S-0581329W"
            }
        },
        {
            "type": "Feature",
            "geometry": {
                "type": "Point",
                "coordinates": [
                    -58.766111,
                    -27.018333
                ]
            },
            "properties": {
                "aerovia": "A428",
                "waypoint": "DIGET",
                "nivel_vuelo": "FL 245",
                "coordenada_original": "270106S-0584558W"
            }
        },
        {
            "type": "Feature",
            "geometry": {
                "type": "Point",
                "coordinates": [
                    -59.057222,
                    -27.446944
                ]
            },
            "properties": {
                "aerovia": "A428",
                "waypoint": "SIS",
                "nivel_vuelo": "FL 50",
                "coordenada_original": "272649S-0590326W"
            }
        },
        {
            "type": "Feature",
            "geometry": {
                "type": "Point",
                "coordinates": [
                    -58.9875,
                    -28.363889
                ]
            },
            "properties": {
                "aerovia": "A428",
                "waypoint": "BURSA",
                "nivel_vuelo": "FL 50",
                "coordenada_original": "282150S-0585915W"
            }
        },
        {
            "type": "Feature",
            "geometry": {
                "type": "Point",
                "coordinates": [
                    -58.949167,
                    -28.860556
                ]
            },
            "properties": {
                "aerovia": "A428",
                "waypoint": "DAMIS",
                "nivel_vuelo": "FL 50",
                "coordenada_original": "285138S-0585657W"
            }
        },
        {
            "type": "Feature",
            "geometry": {
                "type": "Point",
                "coordinates": [
                    -58.885,
                    -29.678333
                ]
            },
            "properties": {
                "aerovia": "A428",
                "waypoint": "SAR",
                "nivel_vuelo": "FL 50",
                "coordenada_original": "294042S-0585306W"
            }
        },
        {
            "type": "Feature",
            "geometry": {
                "type": "Point",
                "coordinates": [
                    -58.820556,
                    -30.495833
                ]
            },
            "properties": {
                "aerovia": "A428",
                "waypoint": "III",
                "nivel_vuelo": "FL 80",
                "coordenada_original": "302945S-0584914W"
            }
        },
        {
            "type": "Feature",
            "geometry": {
                "type": "Point",
                "coordinates": [
                    -58.783056,
                    -30.933611
                ]
            },
            "properties": {
                "aerovia": "A428",
                "waypoint": "SAR",
                "nivel_vuelo": "FL 80",
                "coordenada_original": "305601S-0584659W"
            }
        },
        {
            "type": "Feature",
            "geometry": {
                "type": "Point",
                "coordinates": [
                    -58.670833,
                    -32.333333
                ]
            },
            "properties": {
                "aerovia": "A428",
                "waypoint": "DALAB",
                "nivel_vuelo": "FL 80",
                "coordenada_original": "322000S-0584015W"
            }
        },
        {
            "type": "Feature",
            "geometry": {
                "type": "Point",
                "coordinates": [
                    -58.614167,
                    -33.009722
                ]
            },
            "properties": {
                "aerovia": "A428",
                "waypoint": "GUA",
                "nivel_vuelo": "FL 80",
                "coordenada_original": "330035S-0583651W"
            }
        },
        {
            "type": "Feature",
            "geometry": {
                "type": "Point",
                "coordinates": [
                    -56.13,
                    -27.175
                ]
            },
            "properties": {
                "aerovia": "A430",
                "waypoint": "COATI",
                "nivel_vuelo": "N/A",
                "coordenada_original": "271030S-0560748W"
            }
        },
        {
            "type": "Feature",
            "geometry": {
                "type": "Point",
                "coordinates": [
                    -55.969167,
                    -27.385556
                ]
            },
            "properties": {
                "aerovia": "A430",
                "waypoint": "POS",
                "nivel_vuelo": "FL 70",
                "coordenada_original": "272308S-0555809W"
            }
        },
        {
            "type": "Feature",
            "geometry": {
                "type": "Point",
                "coordinates": [
                    -69.330556,
                    -51.611667
                ]
            },
            "properties": {
                "aerovia": "A570",
                "waypoint": "GAL",
                "nivel_vuelo": "N/A",
                "coordenada_original": "513642S 0691950W"
            }
        },
        {
            "type": "Feature",
            "geometry": {
                "type": "Point",
                "coordinates": [
                    -69.8,
                    -52.066667
                ]
            },
            "properties": {
                "aerovia": "A570",
                "waypoint": "PALIX",
                "nivel_vuelo": "FL 60",
                "coordenada_original": "520400S-0694800W"
            }
        },
        {
            "type": "Feature",
            "geometry": {
                "type": "Point",
                "coordinates": [
                    -72.045556,
                    -50.278333
                ]
            },
            "properties": {
                "aerovia": "B432",
                "waypoint": "ECA",
                "nivel_vuelo": "N/A",
                "coordenada_original": "501642S-0720244W"
            }
        },
        {
            "type": "Feature",
            "geometry": {
                "type": "Point",
                "coordinates": [
                    -71.840833,
                    -50.777778
                ]
            },
            "properties": {
                "aerovia": "B432",
                "waypoint": "SULSU",
                "nivel_vuelo": "FL 125",
                "coordenada_original": "504640S-0715027W"
            }
        },
        {
            "type": "Feature",
            "geometry": {
                "type": "Point",
                "coordinates": [
                    -71.31,
                    -52.0
                ]
            },
            "properties": {
                "aerovia": "B432",
                "waypoint": "MUNER",
                "nivel_vuelo": "FL 130",
                "coordenada_original": "520000S-0711836W"
            }
        },
        {
            "type": "Feature",
            "geometry": {
                "type": "Point",
                "coordinates": [
                    -60.484722,
                    -31.808333
                ]
            },
            "properties": {
                "aerovia": "B555",
                "waypoint": "PAR",
                "nivel_vuelo": "N/A",
                "coordenada_original": "314830S-0602905W"
            }
        },
        {
            "type": "Feature",
            "geometry": {
                "type": "Point",
                "coordinates": [
                    -59.629167,
                    -32.366389
                ]
            },
            "properties": {
                "aerovia": "B555",
                "waypoint": "OPUPO",
                "nivel_vuelo": "FL 145",
                "coordenada_original": "322159S-0593745W"
            }
        },
        {
            "type": "Feature",
            "geometry": {
                "type": "Point",
                "coordinates": [
                    -58.614167,
                    -33.009722
                ]
            },
            "properties": {
                "aerovia": "B555",
                "waypoint": "GUA",
                "nivel_vuelo": "FL 50",
                "coordenada_original": "330035S-0583651W"
            }
        },
        {
            "type": "Feature",
            "geometry": {
                "type": "Point",
                "coordinates": [
                    -68.154722,
                    -38.950278
                ]
            },
            "properties": {
                "aerovia": "B556",
                "waypoint": "NEU",
                "nivel_vuelo": "N/A",
                "coordenada_original": "385701S-0680917W"
            }
        },
        {
            "type": "Feature",
            "geometry": {
                "type": "Point",
                "coordinates": [
                    -68.795556,
                    -38.954444
                ]
            },
            "properties": {
                "aerovia": "B556",
                "waypoint": "SAKSA",
                "nivel_vuelo": "FL 245",
                "coordenada_original": "385716S-0684744W"
            }
        },
        {
            "type": "Feature",
            "geometry": {
                "type": "Point",
                "coordinates": [
                    -71.433611,
                    -38.931111
                ]
            },
            "properties": {
                "aerovia": "B556",
                "waypoint": "TESEX",
                "nivel_vuelo": "FL 120",
                "coordenada_original": "385552S-0712601W"
            }
        },
        {
            "type": "Feature",
            "geometry": {
                "type": "Point",
                "coordinates": [
                    -68.421389,
                    -31.563889
                ]
            },
            "properties": {
                "aerovia": "B560",
                "waypoint": "JUA",
                "nivel_vuelo": "N/A",
                "coordenada_original": "313350S-0682517W"
            }
        },
        {
            "type": "Feature",
            "geometry": {
                "type": "Point",
                "coordinates": [
                    -68.950278,
                    -31.348333
                ]
            },
            "properties": {
                "aerovia": "B560",
                "waypoint": "UKESO",
                "nivel_vuelo": "FL 155",
                "coordenada_original": "312054S-0685701W"
            }
        },
        {
            "type": "Feature",
            "geometry": {
                "type": "Point",
                "coordinates": [
                    -69.389167,
                    -31.167222
                ]
            },
            "properties": {
                "aerovia": "B560",
                "waypoint": "EDRAR",
                "nivel_vuelo": "FL 160",
                "coordenada_original": "311002S-0692321W"
            }
        },
        {
            "type": "Feature",
            "geometry": {
                "type": "Point",
                "coordinates": [
                    -70.291667,
                    -30.783333
                ]
            },
            "properties": {
                "aerovia": "B560",
                "waypoint": "MIBAS",
                "nivel_vuelo": "FL 200",
                "coordenada_original": "304700S-0701730W"
            }
        },
        {
            "type": "Feature",
            "geometry": {
                "type": "Point",
                "coordinates": [
                    -67.745833,
                    -53.775278
                ]
            },
            "properties": {
                "aerovia": "B561",
                "waypoint": "GRA",
                "nivel_vuelo": "FL 245",
                "coordenada_original": "534631S-0674445W"
            }
        },
        {
            "type": "Feature",
            "geometry": {
                "type": "Point",
                "coordinates": [
                    -68.610556,
                    -53.573333
                ]
            },
            "properties": {
                "aerovia": "B561",
                "waypoint": "TOGOR",
                "nivel_vuelo": "FL 50",
                "coordenada_original": "533424S-0683638W"
            }
        },
        {
            "type": "Feature",
            "geometry": {
                "type": "Point",
                "coordinates": [
                    -71.85,
                    -41.241667
                ]
            },
            "properties": {
                "aerovia": "B682",
                "waypoint": "TONAR",
                "nivel_vuelo": "N/A",
                "coordenada_original": "411430S-0715100W"
            }
        },
        {
            "type": "Feature",
            "geometry": {
                "type": "Point",
                "coordinates": [
                    -71.188889,
                    -41.140278
                ]
            },
            "properties": {
                "aerovia": "B682",
                "waypoint": "BAR",
                "nivel_vuelo": "FL 150",
                "coordenada_original": "410825S-0711120W"
            }
        },
        {
            "type": "Feature",
            "geometry": {
                "type": "Point",
                "coordinates": [
                    -70.5,
                    -35.2
                ]
            },
            "properties": {
                "aerovia": "B684",
                "waypoint": "ANKON",
                "nivel_vuelo": "FL 245",
                "coordenada_original": "351200S-0703000W"
            }
        },
        {
            "type": "Feature",
            "geometry": {
                "type": "Point",
                "coordinates": [
                    -69.578611,
                    -35.486111
                ]
            },
            "properties": {
                "aerovia": "B684",
                "waypoint": "MLG",
                "nivel_vuelo": "FL 180",
                "coordenada_original": "352910S-0693443W"
            }
        },
        {
            "type": "Feature",
            "geometry": {
                "type": "Point",
                "coordinates": [
                    -68.965833,
                    -35.521111
                ]
            },
            "properties": {
                "aerovia": "B684",
                "waypoint": "MAGDO",
                "nivel_vuelo": "FL 180",
                "coordenada_original": "353116S-0685757W"
            }
        },
        {
            "type": "Feature",
            "geometry": {
                "type": "Point",
                "coordinates": [
                    -66.366111,
                    -35.635
                ]
            },
            "properties": {
                "aerovia": "B684",
                "waypoint": "SOTLA",
                "nivel_vuelo": "FL 160",
                "coordenada_original": "353806S-0662158W"
            }
        },
        {
            "type": "Feature",
            "geometry": {
                "type": "Point",
                "coordinates": [
                    -64.796944,
                    -35.676389
                ]
            },
            "properties": {
                "aerovia": "B684",
                "waypoint": "LOLAS",
                "nivel_vuelo": "FL 160",
                "coordenada_original": "354035S-0644749W"
            }
        },
        {
            "type": "Feature",
            "geometry": {
                "type": "Point",
                "coordinates": [
                    -63.762222,
                    -35.692222
                ]
            },
            "properties": {
                "aerovia": "B684",
                "waypoint": "GPI",
                "nivel_vuelo": "FL 50",
                "coordenada_original": "354132S-0634544W"
            }
        },
        {
            "type": "Feature",
            "geometry": {
                "type": "Point",
                "coordinates": [
                    -59.057222,
                    -27.446944
                ]
            },
            "properties": {
                "aerovia": "B687",
                "waypoint": "SIS",
                "nivel_vuelo": "N/A",
                "coordenada_original": "272649S-0590326W"
            }
        },
        {
            "type": "Feature",
            "geometry": {
                "type": "Point",
                "coordinates": [
                    -58.024444,
                    -27.433889
                ]
            },
            "properties": {
                "aerovia": "B687",
                "waypoint": "LUTSO",
                "nivel_vuelo": "N/A",
                "coordenada_original": "272602S-0580128W"
            }
        },
        {
            "type": "Feature",
            "geometry": {
                "type": "Point",
                "coordinates": [
                    -57.558333,
                    -27.429167
                ]
            },
            "properties": {
                "aerovia": "B687",
                "waypoint": "REPAM",
                "nivel_vuelo": "N/A",
                "coordenada_original": "272545S-0573330W"
            }
        },
        {
            "type": "Feature",
            "geometry": {
                "type": "Point",
                "coordinates": [
                    -55.969167,
                    -27.385556
                ]
            },
            "properties": {
                "aerovia": "B687",
                "waypoint": "POS",
                "nivel_vuelo": "FL 245",
                "coordenada_original": "272308S-0555809W"
            }
        },
        {
            "type": "Feature",
            "geometry": {
                "type": "Point",
                "coordinates": [
                    -55.5275,
                    -27.076111
                ]
            },
            "properties": {
                "aerovia": "B687",
                "waypoint": "UGAKO",
                "nivel_vuelo": "FL 70",
                "coordenada_original": "270434S-0553139W"
            }
        },
        {
            "type": "Feature",
            "geometry": {
                "type": "Point",
                "coordinates": [
                    -54.815556,
                    -26.571111
                ]
            },
            "properties": {
                "aerovia": "B687",
                "waypoint": "DOKBA",
                "nivel_vuelo": "FL 195",
                "coordenada_original": "263416S-0544856W"
            }
        },
        {
            "type": "Feature",
            "geometry": {
                "type": "Point",
                "coordinates": [
                    -54.688889,
                    -26.230556
                ]
            },
            "properties": {
                "aerovia": "B687",
                "waypoint": "ALDOS",
                "nivel_vuelo": "FL 195",
                "coordenada_original": "261350S-0544120W"
            }
        },
        {
            "type": "Feature",
            "geometry": {
                "type": "Point",
                "coordinates": [
                    -54.485833,
                    -25.734444
                ]
            },
            "properties": {
                "aerovia": "B687",
                "waypoint": "IGU",
                "nivel_vuelo": "FL 195",
                "coordenada_original": "254404S-0542909W"
            }
        },
        {
            "type": "Feature",
            "geometry": {
                "type": "Point",
                "coordinates": [
                    -55.969167,
                    -27.385556
                ]
            },
            "properties": {
                "aerovia": "B688",
                "waypoint": "POS",
                "nivel_vuelo": "N/A",
                "coordenada_original": "272308S-0555809W"
            }
        },
        {
            "type": "Feature",
            "geometry": {
                "type": "Point",
                "coordinates": [
                    -55.802222,
                    -27.184167
                ]
            },
            "properties": {
                "aerovia": "B688",
                "waypoint": "ORUGA",
                "nivel_vuelo": "FL 70",
                "coordenada_original": "271103S-0554808W"
            }
        },
        {
            "type": "Feature",
            "geometry": {
                "type": "Point",
                "coordinates": [
                    -71.7125,
                    -45.913056
                ]
            },
            "properties": {
                "aerovia": "G550",
                "waypoint": "BAL",
                "nivel_vuelo": "N/A",
                "coordenada_original": "455447S-0714245W"
            }
        },
        {
            "type": "Feature",
            "geometry": {
                "type": "Point",
                "coordinates": [
                    -71.676944,
                    -46.245278
                ]
            },
            "properties": {
                "aerovia": "G550",
                "waypoint": "NEGOS",
                "nivel_vuelo": "N/A",
                "coordenada_original": "461443S-0714037W"
            }
        },
        {
            "type": "Feature",
            "geometry": {
                "type": "Point",
                "coordinates": [
                    -71.623889,
                    -46.743889
                ]
            },
            "properties": {
                "aerovia": "G550",
                "waypoint": "ROGEL",
                "nivel_vuelo": "N/A",
                "coordenada_original": "464438S-0713726W"
            }
        },
        {
            "type": "Feature",
            "geometry": {
                "type": "Point",
                "coordinates": [
                    -71.778889,
                    -48.109722
                ]
            },
            "properties": {
                "aerovia": "G550",
                "waypoint": "EDSIL",
                "nivel_vuelo": "N/A",
                "coordenada_original": "480635S-0714644W"
            }
        },
        {
            "type": "Feature",
            "geometry": {
                "type": "Point",
                "coordinates": [
                    -71.9425,
                    -49.458611
                ]
            },
            "properties": {
                "aerovia": "G550",
                "waypoint": "OGTUR",
                "nivel_vuelo": "FL 195",
                "coordenada_original": "492731S-0715633W"
            }
        },
        {
            "type": "Feature",
            "geometry": {
                "type": "Point",
                "coordinates": [
                    -72.045556,
                    -50.278333
                ]
            },
            "properties": {
                "aerovia": "G550",
                "waypoint": "ECA",
                "nivel_vuelo": "FL 130",
                "coordenada_original": "501642S-0720244W"
            }
        },
        {
            "type": "Feature",
            "geometry": {
                "type": "Point",
                "coordinates": [
                    -71.433056,
                    -50.591111
                ]
            },
            "properties": {
                "aerovia": "G550",
                "waypoint": "KIBAR",
                "nivel_vuelo": "FL 130",
                "coordenada_original": "503528S-0712559W"
            }
        },
        {
            "type": "Feature",
            "geometry": {
                "type": "Point",
                "coordinates": [
                    -71.158889,
                    -50.728889
                ]
            },
            "properties": {
                "aerovia": "G550",
                "waypoint": "BUVOK",
                "nivel_vuelo": "FL 130",
                "coordenada_original": "504344S-0710932W"
            }
        },
        {
            "type": "Feature",
            "geometry": {
                "type": "Point",
                "coordinates": [
                    -70.995,
                    -52.0
                ]
            },
            "properties": {
                "aerovia": "G550",
                "waypoint": "EGOSA",
                "nivel_vuelo": "FL 130",
                "coordenada_original": "520000S-0705942W"
            }
        },
        {
            "type": "Feature",
            "geometry": {
                "type": "Point",
                "coordinates": [
                    -70.855278,
                    -53.004167
                ]
            },
            "properties": {
                "aerovia": "G550",
                "waypoint": "NAS",
                "nivel_vuelo": "FL 140",
                "coordenada_original": "530015S-0705119W"
            }
        },
        {
            "type": "Feature",
            "geometry": {
                "type": "Point",
                "coordinates": [
                    -69.808333,
                    -54.0
                ]
            },
            "properties": {
                "aerovia": "G550",
                "waypoint": "ALMIR",
                "nivel_vuelo": "FL 140",
                "coordenada_original": "540000S-0694830W"
            }
        },
        {
            "type": "Feature",
            "geometry": {
                "type": "Point",
                "coordinates": [
                    -68.610556,
                    -54.668056
                ]
            },
            "properties": {
                "aerovia": "G550",
                "waypoint": "ROMIV",
                "nivel_vuelo": "FL 140",
                "coordenada_original": "544005S-0683638W"
            }
        },
        {
            "type": "Feature",
            "geometry": {
                "type": "Point",
                "coordinates": [
                    -68.284167,
                    -54.838056
                ]
            },
            "properties": {
                "aerovia": "G550",
                "waypoint": "USU",
                "nivel_vuelo": "FL 140",
                "coordenada_original": "545017S-0681703W"
            }
        },
        {
            "type": "Feature",
            "geometry": {
                "type": "Point",
                "coordinates": [
                    -68.280556,
                    -54.841667
                ]
            },
            "properties": {
                "aerovia": "G550",
                "waypoint": "PUNTO_INTERMEDIO",
                "nivel_vuelo": "FL 245",
                "coordenada_original": "545030S-0681650W"
            }
        },
        {
            "type": "Feature",
            "geometry": {
                "type": "Point",
                "coordinates": [
                    -67.621111,
                    -54.929444
                ]
            },
            "properties": {
                "aerovia": "G550",
                "waypoint": "PWL",
                "nivel_vuelo": "FL 90",
                "coordenada_original": "545546S-0673716W"
            }
        },
        {
            "type": "Feature",
            "geometry": {
                "type": "Point",
                "coordinates": [
                    -60.781389,
                    -32.905
                ]
            },
            "properties": {
                "aerovia": "G680",
                "waypoint": "ROS",
                "nivel_vuelo": "FL 195",
                "coordenada_original": "325418S-0604653W"
            }
        },
        {
            "type": "Feature",
            "geometry": {
                "type": "Point",
                "coordinates": [
                    -60.186667,
                    -32.937778
                ]
            },
            "properties": {
                "aerovia": "G680",
                "waypoint": "TINTA",
                "nivel_vuelo": "FL 45",
                "coordenada_original": "325616S-0601112W"
            }
        },
        {
            "type": "Feature",
            "geometry": {
                "type": "Point",
                "coordinates": [
                    -58.614167,
                    -33.009722
                ]
            },
            "properties": {
                "aerovia": "G680",
                "waypoint": "GUA",
                "nivel_vuelo": "FL 50",
                "coordenada_original": "330035S-0583651W"
            }
        },
        {
            "type": "Feature",
            "geometry": {
                "type": "Point",
                "coordinates": [
                    -54.503611,
                    -25.583333
                ]
            },
            "properties": {
                "aerovia": "R563",
                "waypoint": "FOZ",
                "nivel_vuelo": "N/A",
                "coordenada_original": "253500S-0543013W"
            }
        },
        {
            "type": "Feature",
            "geometry": {
                "type": "Point",
                "coordinates": [
                    -54.4275,
                    -25.688611
                ]
            },
            "properties": {
                "aerovia": "R563",
                "waypoint": "FOZ",
                "nivel_vuelo": "N/A",
                "coordenada_original": "254119S-0542539W"
            }
        },
        {
            "type": "Feature",
            "geometry": {
                "type": "Point",
                "coordinates": [
                    -54.098333,
                    -26.1425
                ]
            },
            "properties": {
                "aerovia": "R563",
                "waypoint": "KOLNA",
                "nivel_vuelo": "FL 120",
                "coordenada_original": "260833S-0540554W"
            }
        },
        {
            "type": "Feature",
            "geometry": {
                "type": "Point",
                "coordinates": [
                    -53.736111,
                    -26.636111
                ]
            },
            "properties": {
                "aerovia": "R563",
                "waypoint": "UTBUB",
                "nivel_vuelo": "FL 120",
                "coordenada_original": "263810S-0534410W"
            }
        },
        {
            "type": "Feature",
            "geometry": {
                "type": "Point",
                "coordinates": [
                    -68.154722,
                    -38.950278
                ]
            },
            "properties": {
                "aerovia": "R683",
                "waypoint": "NEU",
                "nivel_vuelo": "N/A",
                "coordenada_original": "385701S-0680917W"
            }
        },
        {
            "type": "Feature",
            "geometry": {
                "type": "Point",
                "coordinates": [
                    -68.669722,
                    -38.652222
                ]
            },
            "properties": {
                "aerovia": "R683",
                "waypoint": "UGAGI",
                "nivel_vuelo": "N/A",
                "coordenada_original": "383908S-0684011W"
            }
        },
        {
            "type": "Feature",
            "geometry": {
                "type": "Point",
                "coordinates": [
                    -68.841944,
                    -38.551389
                ]
            },
            "properties": {
                "aerovia": "R683",
                "waypoint": "ETIBU",
                "nivel_vuelo": "FL 125",
                "coordenada_original": "383305S-0685031W"
            }
        },
        {
            "type": "Feature",
            "geometry": {
                "type": "Point",
                "coordinates": [
                    -69.711667,
                    -38.034167
                ]
            },
            "properties": {
                "aerovia": "R683",
                "waypoint": "EPGOL",
                "nivel_vuelo": "FL 130",
                "coordenada_original": "380203S-0694242W"
            }
        },
        {
            "type": "Feature",
            "geometry": {
                "type": "Point",
                "coordinates": [
                    -71.147222,
                    -37.15
                ]
            },
            "properties": {
                "aerovia": "R683",
                "waypoint": "KAMUR",
                "nivel_vuelo": "FL 130",
                "coordenada_original": "370900S-0710850W"
            }
        },
        {
            "type": "Feature",
            "geometry": {
                "type": "Point",
                "coordinates": [
                    -68.790833,
                    -32.831944
                ]
            },
            "properties": {
                "aerovia": "W3",
                "waypoint": "DOZ",
                "nivel_vuelo": "N/A",
                "coordenada_original": "324955S-0684727W"
            }
        },
        {
            "type": "Feature",
            "geometry": {
                "type": "Point",
                "coordinates": [
                    -68.336944,
                    -32.058611
                ]
            },
            "properties": {
                "aerovia": "W3",
                "waypoint": "MEBRA",
                "nivel_vuelo": "FL 65",
                "coordenada_original": "320331S - 0682013W"
            }
        },
        {
            "type": "Feature",
            "geometry": {
                "type": "Point",
                "coordinates": [
                    -68.1025,
                    -31.144444
                ]
            },
            "properties": {
                "aerovia": "W3",
                "waypoint": "ASOTA",
                "nivel_vuelo": "FL 145",
                "coordenada_original": "310840S-0680609W"
            }
        },
        {
            "type": "Feature",
            "geometry": {
                "type": "Point",
                "coordinates": [
                    -67.631389,
                    -30.516389
                ]
            },
            "properties": {
                "aerovia": "W3",
                "waypoint": "GILSA",
                "nivel_vuelo": "FL 120",
                "coordenada_original": "303059S-0673753W"
            }
        },
        {
            "type": "Feature",
            "geometry": {
                "type": "Point",
                "coordinates": [
                    -67.111111,
                    -29.811111
                ]
            },
            "properties": {
                "aerovia": "W3",
                "waypoint": "DAMAP",
                "nivel_vuelo": "FL 105",
                "coordenada_original": "294840S-0670640W"
            }
        },
        {
            "type": "Feature",
            "geometry": {
                "type": "Point",
                "coordinates": [
                    -66.803611,
                    -29.388611
                ]
            },
            "properties": {
                "aerovia": "W3",
                "waypoint": "LAR",
                "nivel_vuelo": "FL 245",
                "coordenada_original": "292319S-0664813W"
            }
        },
        {
            "type": "Feature",
            "geometry": {
                "type": "Point",
                "coordinates": [
                    -66.370556,
                    -29.061389
                ]
            },
            "properties": {
                "aerovia": "W3",
                "waypoint": "KAKAN",
                "nivel_vuelo": "FL 245",
                "coordenada_original": "290341S-0662214W"
            }
        },
        {
            "type": "Feature",
            "geometry": {
                "type": "Point",
                "coordinates": [
                    -65.746667,
                    -28.583611
                ]
            },
            "properties": {
                "aerovia": "W3",
                "waypoint": "CAT",
                "nivel_vuelo": "FL 120",
                "coordenada_original": "283501S-0654448W"
            }
        },
        {
            "type": "Feature",
            "geometry": {
                "type": "Point",
                "coordinates": [
                    -65.426111,
                    -27.718056
                ]
            },
            "properties": {
                "aerovia": "W3",
                "waypoint": "SORTI",
                "nivel_vuelo": "FL 120",
                "coordenada_original": "274305S-0652534W"
            }
        },
        {
            "type": "Feature",
            "geometry": {
                "type": "Point",
                "coordinates": [
                    -65.108333,
                    -26.845833
                ]
            },
            "properties": {
                "aerovia": "W3",
                "waypoint": "TUC",
                "nivel_vuelo": "FL 195",
                "coordenada_original": "265045S-0650630W"
            }
        },
        {
            "type": "Feature",
            "geometry": {
                "type": "Point",
                "coordinates": [
                    -65.0925,
                    -25.699444
                ]
            },
            "properties": {
                "aerovia": "W3",
                "waypoint": "ILPAR",
                "nivel_vuelo": "FL 150",
                "coordenada_original": "254158S-0650533W"
            }
        },
        {
            "type": "Feature",
            "geometry": {
                "type": "Point",
                "coordinates": [
                    -65.092778,
                    -24.393611
                ]
            },
            "properties": {
                "aerovia": "W3",
                "waypoint": "JUJ",
                "nivel_vuelo": "FL 150",
                "coordenada_original": "242337S-0650534W"
            }
        },
        {
            "type": "Feature",
            "geometry": {
                "type": "Point",
                "coordinates": [
                    -58.584167,
                    -34.451389
                ]
            },
            "properties": {
                "aerovia": "W5",
                "waypoint": "FDO",
                "nivel_vuelo": "N/A",
                "coordenada_original": "342705S-0583503W"
            }
        },
        {
            "type": "Feature",
            "geometry": {
                "type": "Point",
                "coordinates": [
                    -59.150556,
                    -34.061111
                ]
            },
            "properties": {
                "aerovia": "W5",
                "waypoint": "ATOVO",
                "nivel_vuelo": "N/A",
                "coordenada_original": "340340S-0590902W"
            }
        },
        {
            "type": "Feature",
            "geometry": {
                "type": "Point",
                "coordinates": [
                    -59.666944,
                    -33.701111
                ]
            },
            "properties": {
                "aerovia": "W5",
                "waypoint": "PEDRO",
                "nivel_vuelo": "N/A",
                "coordenada_original": "334204S-0594001W"
            }
        },
        {
            "type": "Feature",
            "geometry": {
                "type": "Point",
                "coordinates": [
                    -60.328889,
                    -33.231111
                ]
            },
            "properties": {
                "aerovia": "W5",
                "waypoint": "ESKON",
                "nivel_vuelo": "N/A",
                "coordenada_original": "331352S-0601944W"
            }
        },
        {
            "type": "Feature",
            "geometry": {
                "type": "Point",
                "coordinates": [
                    -60.781389,
                    -32.905
                ]
            },
            "properties": {
                "aerovia": "W5",
                "waypoint": "ROS",
                "nivel_vuelo": "FL 145",
                "coordenada_original": "325418S-0604653W"
            }
        },
        {
            "type": "Feature",
            "geometry": {
                "type": "Point",
                "coordinates": [
                    -61.292778,
                    -32.651389
                ]
            },
            "properties": {
                "aerovia": "W5",
                "waypoint": "TOLUK",
                "nivel_vuelo": "FL 60",
                "coordenada_original": "323905S-0611734W"
            }
        },
        {
            "type": "Feature",
            "geometry": {
                "type": "Point",
                "coordinates": [
                    -61.91,
                    -32.340556
                ]
            },
            "properties": {
                "aerovia": "W5",
                "waypoint": "TIPLO",
                "nivel_vuelo": "FL 60",
                "coordenada_original": "322026S-0615436W"
            }
        },
        {
            "type": "Feature",
            "geometry": {
                "type": "Point",
                "coordinates": [
                    -63.214444,
                    -31.667222
                ]
            },
            "properties": {
                "aerovia": "W5",
                "waypoint": "ASISA",
                "nivel_vuelo": "FL 60",
                "coordenada_original": "314002S-0631252W"
            }
        },
        {
            "type": "Feature",
            "geometry": {
                "type": "Point",
                "coordinates": [
                    -64.203611,
                    -31.313333
                ]
            },
            "properties": {
                "aerovia": "W5",
                "waypoint": "SACO",
                "nivel_vuelo": "FL 145",
                "coordenada_original": "311848S-0641213W"
            }
        },
        {
            "type": "Feature",
            "geometry": {
                "type": "Point",
                "coordinates": [
                    -64.393333,
                    -30.409167
                ]
            },
            "properties": {
                "aerovia": "W5",
                "waypoint": "DONKA",
                "nivel_vuelo": "FL 145",
                "coordenada_original": "302433S-0642336W"
            }
        },
        {
            "type": "Feature",
            "geometry": {
                "type": "Point",
                "coordinates": [
                    -64.492778,
                    -29.943333
                ]
            },
            "properties": {
                "aerovia": "W5",
                "waypoint": "SUKPA",
                "nivel_vuelo": "FL 245",
                "coordenada_original": "295636S-0642934W"
            }
        },
        {
            "type": "Feature",
            "geometry": {
                "type": "Point",
                "coordinates": [
                    -64.931667,
                    -27.748889
                ]
            },
            "properties": {
                "aerovia": "W5",
                "waypoint": "IMBOL",
                "nivel_vuelo": "FL 80",
                "coordenada_original": "274456S-0645554W"
            }
        },
        {
            "type": "Feature",
            "geometry": {
                "type": "Point",
                "coordinates": [
                    -65.108333,
                    -26.845833
                ]
            },
            "properties": {
                "aerovia": "W5",
                "waypoint": "PUNTO_INTERMEDIO",
                "nivel_vuelo": "FL 100",
                "coordenada_original": "265045S-0650630W"
            }
        },
        {
            "type": "Feature",
            "geometry": {
                "type": "Point",
                "coordinates": [
                    -65.315278,
                    -25.756111
                ]
            },
            "properties": {
                "aerovia": "W5",
                "waypoint": "PONPI",
                "nivel_vuelo": "FL 145",
                "coordenada_original": "254522S-0651855W"
            }
        },
        {
            "type": "Feature",
            "geometry": {
                "type": "Point",
                "coordinates": [
                    -65.483889,
                    -24.852222
                ]
            },
            "properties": {
                "aerovia": "W5",
                "waypoint": "SAL",
                "nivel_vuelo": "FL 150",
                "coordenada_original": "245108S-0652902W"
            }
        },
        {
            "type": "Feature",
            "geometry": {
                "type": "Point",
                "coordinates": [
                    -64.302778,
                    -27.758889
                ]
            },
            "properties": {
                "aerovia": "W6",
                "waypoint": "SDE",
                "nivel_vuelo": "N/A",
                "coordenada_original": "274532S-0641810W"
            }
        },
        {
            "type": "Feature",
            "geometry": {
                "type": "Point",
                "coordinates": [
                    -64.3025,
                    -28.279167
                ]
            },
            "properties": {
                "aerovia": "W6",
                "waypoint": "VUPRO",
                "nivel_vuelo": "N/A",
                "coordenada_original": "281645S-0641809W"
            }
        },
        {
            "type": "Feature",
            "geometry": {
                "type": "Point",
                "coordinates": [
                    -64.234167,
                    -30.394722
                ]
            },
            "properties": {
                "aerovia": "W6",
                "waypoint": "LOGET",
                "nivel_vuelo": "FL 145",
                "coordenada_original": "302341S-0641403W"
            }
        },
        {
            "type": "Feature",
            "geometry": {
                "type": "Point",
                "coordinates": [
                    -64.203611,
                    -31.313333
                ]
            },
            "properties": {
                "aerovia": "W6",
                "waypoint": "CBA",
                "nivel_vuelo": "FL 145",
                "coordenada_original": "311848S-0641213W"
            }
        },
        {
            "type": "Feature",
            "geometry": {
                "type": "Point",
                "coordinates": [
                    -63.1475,
                    -31.465278
                ]
            },
            "properties": {
                "aerovia": "W6",
                "waypoint": "GENAS",
                "nivel_vuelo": "FL 145",
                "coordenada_original": "312755S-0630851W"
            }
        },
        {
            "type": "Feature",
            "geometry": {
                "type": "Point",
                "coordinates": [
                    -61.554167,
                    -31.6775
                ]
            },
            "properties": {
                "aerovia": "W6",
                "waypoint": "VAPES",
                "nivel_vuelo": "FL 145",
                "coordenada_original": "314039S-0613315W"
            }
        },
        {
            "type": "Feature",
            "geometry": {
                "type": "Point",
                "coordinates": [
                    -60.118333,
                    -32.669722
                ]
            },
            "properties": {
                "aerovia": "W6",
                "waypoint": "ESKAD",
                "nivel_vuelo": "FL 50",
                "coordenada_original": "324011S-0600706W"
            }
        },
        {
            "type": "Feature",
            "geometry": {
                "type": "Point",
                "coordinates": [
                    -59.666944,
                    -33.701111
                ]
            },
            "properties": {
                "aerovia": "W6",
                "waypoint": "PEDRO",
                "nivel_vuelo": "FL 50",
                "coordenada_original": "334204S-0594001W"
            }
        },
        {
            "type": "Feature",
            "geometry": {
                "type": "Point",
                "coordinates": [
                    -59.441389,
                    -34.222222
                ]
            },
            "properties": {
                "aerovia": "W6",
                "waypoint": "SNT",
                "nivel_vuelo": "FL 50",
                "coordenada_original": "341320S-0592629W"
            }
        },
        {
            "type": "Feature",
            "geometry": {
                "type": "Point",
                "coordinates": [
                    -65.108333,
                    -26.845833
                ]
            },
            "properties": {
                "aerovia": "W7",
                "waypoint": "TUC",
                "nivel_vuelo": "N/A",
                "coordenada_original": "265045S-0650630W"
            }
        },
        {
            "type": "Feature",
            "geometry": {
                "type": "Point",
                "coordinates": [
                    -64.089444,
                    -26.972222
                ]
            },
            "properties": {
                "aerovia": "W7",
                "waypoint": "BITIS",
                "nivel_vuelo": "N/A",
                "coordenada_original": "265820S-0640522W"
            }
        },
        {
            "type": "Feature",
            "geometry": {
                "type": "Point",
                "coordinates": [
                    -61.670278,
                    -27.231667
                ]
            },
            "properties": {
                "aerovia": "W7",
                "waypoint": "BUPLA",
                "nivel_vuelo": "FL 145",
                "coordenada_original": "271354S-0614013W"
            }
        },
        {
            "type": "Feature",
            "geometry": {
                "type": "Point",
                "coordinates": [
                    -60.088889,
                    -27.370278
                ]
            },
            "properties": {
                "aerovia": "W7",
                "waypoint": "GUKAS",
                "nivel_vuelo": "FL 50",
                "coordenada_original": "272213S-0600520W"
            }
        },
        {
            "type": "Feature",
            "geometry": {
                "type": "Point",
                "coordinates": [
                    -59.057222,
                    -27.446944
                ]
            },
            "properties": {
                "aerovia": "W7",
                "waypoint": "SIS",
                "nivel_vuelo": "FL 50",
                "coordenada_original": "272649S-0590326W"
            }
        },
        {
            "type": "Feature",
            "geometry": {
                "type": "Point",
                "coordinates": [
                    -58.584167,
                    -34.451389
                ]
            },
            "properties": {
                "aerovia": "W8",
                "waypoint": "FDO",
                "nivel_vuelo": "N/A",
                "coordenada_original": "342705S-0583503W"
            }
        },
        {
            "type": "Feature",
            "geometry": {
                "type": "Point",
                "coordinates": [
                    -58.945556,
                    -33.971111
                ]
            },
            "properties": {
                "aerovia": "W8",
                "waypoint": "BIVAM",
                "nivel_vuelo": "FL 245",
                "coordenada_original": "335816S-0585644W"
            }
        },
        {
            "type": "Feature",
            "geometry": {
                "type": "Point",
                "coordinates": [
                    -59.933889,
                    -32.595833
                ]
            },
            "properties": {
                "aerovia": "W8",
                "waypoint": "UGALA",
                "nivel_vuelo": "FL 60",
                "coordenada_original": "323545S-0595602W"
            }
        },
        {
            "type": "Feature",
            "geometry": {
                "type": "Point",
                "coordinates": [
                    -61.069444,
                    -31.035278
                ]
            },
            "properties": {
                "aerovia": "V31",
                "waypoint": "GAVAM",
                "nivel_vuelo": "N/A",
                "coordenada_original": "310207S-0610410W"
            }
        },
        {
            "type": "Feature",
            "geometry": {
                "type": "Point",
                "coordinates": [
                    -61.925278,
                    -29.873333
                ]
            },
            "properties": {
                "aerovia": "V31",
                "waypoint": "ERE",
                "nivel_vuelo": "N/A",
                "coordenada_original": "295224S-0615531W"
            }
        },
        {
            "type": "Feature",
            "geometry": {
                "type": "Point",
                "coordinates": [
                    -62.889167,
                    -28.982778
                ]
            },
            "properties": {
                "aerovia": "V31",
                "waypoint": "VULEK",
                "nivel_vuelo": "FL 145",
                "coordenada_original": "285858S-0625321W"
            }
        },
        {
            "type": "Feature",
            "geometry": {
                "type": "Point",
                "coordinates": [
                    -63.855556,
                    -28.066944
                ]
            },
            "properties": {
                "aerovia": "V31",
                "waypoint": "EDVIK",
                "nivel_vuelo": "FL 145",
                "coordenada_original": "280401S-0635120W"
            }
        },
        {
            "type": "Feature",
            "geometry": {
                "type": "Point",
                "coordinates": [
                    -64.604444,
                    -27.345556
                ]
            },
            "properties": {
                "aerovia": "V31",
                "waypoint": "ANGEN",
                "nivel_vuelo": "FL 145",
                "coordenada_original": "272044S-0643616W"
            }
        },
        {
            "type": "Feature",
            "geometry": {
                "type": "Point",
                "coordinates": [
                    -65.108333,
                    -26.845833
                ]
            },
            "properties": {
                "aerovia": "V31",
                "waypoint": "TUC",
                "nivel_vuelo": "FL 145",
                "coordenada_original": "265045S-0650630W"
            }
        },
        {
            "type": "Feature",
            "geometry": {
                "type": "Point",
                "coordinates": [
                    -58.535278,
                    -34.824167
                ]
            },
            "properties": {
                "aerovia": "W9",
                "waypoint": "EZE",
                "nivel_vuelo": "N/A",
                "coordenada_original": "344927S-0583207W"
            }
        },
        {
            "type": "Feature",
            "geometry": {
                "type": "Point",
                "coordinates": [
                    -60.933889,
                    -34.541111
                ]
            },
            "properties": {
                "aerovia": "W9",
                "waypoint": "NIN",
                "nivel_vuelo": "FL 60",
                "coordenada_original": "343228S-0605602W"
            }
        },
        {
            "type": "Feature",
            "geometry": {
                "type": "Point",
                "coordinates": [
                    -61.542778,
                    -34.446111
                ]
            },
            "properties": {
                "aerovia": "W9",
                "waypoint": "NUXIM",
                "nivel_vuelo": "FL 60",
                "coordenada_original": "342646S-0613234W"
            }
        },
        {
            "type": "Feature",
            "geometry": {
                "type": "Point",
                "coordinates": [
                    -62.108333,
                    -34.354444
                ]
            },
            "properties": {
                "aerovia": "W9",
                "waypoint": "ARMUP",
                "nivel_vuelo": "FL 195",
                "coordenada_original": "342116S-0620630W"
            }
        },
        {
            "type": "Feature",
            "geometry": {
                "type": "Point",
                "coordinates": [
                    -63.360833,
                    -34.141389
                ]
            },
            "properties": {
                "aerovia": "W9",
                "waypoint": "PUNTO_INTERMEDIO",
                "nivel_vuelo": "FL 50",
                "coordenada_original": "340829S-0632139W"
            }
        },
        {
            "type": "Feature",
            "geometry": {
                "type": "Point",
                "coordinates": [
                    -64.505833,
                    -33.911944
                ]
            },
            "properties": {
                "aerovia": "W9",
                "waypoint": "TOSOR",
                "nivel_vuelo": "FL 50",
                "coordenada_original": "335443S-0643021W"
            }
        },
        {
            "type": "Feature",
            "geometry": {
                "type": "Point",
                "coordinates": [
                    -65.381111,
                    -33.728611
                ]
            },
            "properties": {
                "aerovia": "W9",
                "waypoint": "RYD",
                "nivel_vuelo": "FL 50",
                "coordenada_original": "334343S-0652252W"
            }
        },
        {
            "type": "Feature",
            "geometry": {
                "type": "Point",
                "coordinates": [
                    -66.0175,
                    -33.582778
                ]
            },
            "properties": {
                "aerovia": "W9",
                "waypoint": "FRAGA",
                "nivel_vuelo": "FL 50",
                "coordenada_original": "333458S-0660103W"
            }
        },
        {
            "type": "Feature",
            "geometry": {
                "type": "Point",
                "coordinates": [
                    -67.050833,
                    -33.316111
                ]
            },
            "properties": {
                "aerovia": "W9",
                "waypoint": "KABAK",
                "nivel_vuelo": "FL 145",
                "coordenada_original": "331858S-0670303W"
            }
        },
        {
            "type": "Feature",
            "geometry": {
                "type": "Point",
                "coordinates": [
                    -67.752222,
                    -33.116944
                ]
            },
            "properties": {
                "aerovia": "W9",
                "waypoint": "PAPIR",
                "nivel_vuelo": "FL 70",
                "coordenada_original": "330701S-0674508W"
            }
        },
        {
            "type": "Feature",
            "geometry": {
                "type": "Point",
                "coordinates": [
                    -68.790833,
                    -32.831944
                ]
            },
            "properties": {
                "aerovia": "W9",
                "waypoint": "DOZ",
                "nivel_vuelo": "FL 70",
                "coordenada_original": "324955S-0684727W"
            }
        },
        {
            "type": "Feature",
            "geometry": {
                "type": "Point",
                "coordinates": [
                    -67.050833,
                    -33.316111
                ]
            },
            "properties": {
                "aerovia": "W10",
                "waypoint": "KABAK",
                "nivel_vuelo": "N/A",
                "coordenada_original": "331858S-0670303W"
            }
        },
        {
            "type": "Feature",
            "geometry": {
                "type": "Point",
                "coordinates": [
                    -66.358056,
                    -33.268333
                ]
            },
            "properties": {
                "aerovia": "W10",
                "waypoint": "LUIS",
                "nivel_vuelo": "N/A",
                "coordenada_original": "331606S-0662129W"
            }
        },
        {
            "type": "Feature",
            "geometry": {
                "type": "Point",
                "coordinates": [
                    -65.861944,
                    -33.229722
                ]
            },
            "properties": {
                "aerovia": "W10",
                "waypoint": "MORRO",
                "nivel_vuelo": "FL 85",
                "coordenada_original": "331347S-0655143W"
            }
        },
        {
            "type": "Feature",
            "geometry": {
                "type": "Point",
                "coordinates": [
                    -64.836389,
                    -33.144444
                ]
            },
            "properties": {
                "aerovia": "W10",
                "waypoint": "LAJAS",
                "nivel_vuelo": "FL 90",
                "coordenada_original": "330840S-0645011W"
            }
        },
        {
            "type": "Feature",
            "geometry": {
                "type": "Point",
                "coordinates": [
                    -64.265,
                    -33.092222
                ]
            },
            "properties": {
                "aerovia": "W10",
                "waypoint": "RCU",
                "nivel_vuelo": "FL 90",
                "coordenada_original": "330532S-0641554W"
            }
        },
        {
            "type": "Feature",
            "geometry": {
                "type": "Point",
                "coordinates": [
                    -63.694167,
                    -33.2375
                ]
            },
            "properties": {
                "aerovia": "W10",
                "waypoint": "KOTOL",
                "nivel_vuelo": "FL 90",
                "coordenada_original": "331415S-0634139W"
            }
        },
        {
            "type": "Feature",
            "geometry": {
                "type": "Point",
                "coordinates": [
                    -62.790278,
                    -33.46
                ]
            },
            "properties": {
                "aerovia": "W10",
                "waypoint": "ELABO",
                "nivel_vuelo": "FL 195",
                "coordenada_original": "332736S-0624725W"
            }
        },
        {
            "type": "Feature",
            "geometry": {
                "type": "Point",
                "coordinates": [
                    -61.5525,
                    -33.755
                ]
            },
            "properties": {
                "aerovia": "W10",
                "waypoint": "XOPIS",
                "nivel_vuelo": "FL 50",
                "coordenada_original": "334518S-0613309W"
            }
        },
        {
            "type": "Feature",
            "geometry": {
                "type": "Point",
                "coordinates": [
                    -61.308056,
                    -33.811389
                ]
            },
            "properties": {
                "aerovia": "W10",
                "waypoint": "OPUVI",
                "nivel_vuelo": "FL 50",
                "coordenada_original": "334841S-0611829W"
            }
        },
        {
            "type": "Feature",
            "geometry": {
                "type": "Point",
                "coordinates": [
                    -59.441389,
                    -34.222222
                ]
            },
            "properties": {
                "aerovia": "W10",
                "waypoint": "SNT",
                "nivel_vuelo": "FL 50",
                "coordenada_original": "341320S-0592629W"
            }
        },
        {
            "type": "Feature",
            "geometry": {
                "type": "Point",
                "coordinates": [
                    -58.614167,
                    -33.009722
                ]
            },
            "properties": {
                "aerovia": "W11",
                "waypoint": "GUA",
                "nivel_vuelo": "FL 195",
                "coordenada_original": "330035S-0583651W"
            }
        },
        {
            "type": "Feature",
            "geometry": {
                "type": "Point",
                "coordinates": [
                    -58.720556,
                    -33.921111
                ]
            },
            "properties": {
                "aerovia": "W11",
                "waypoint": "PAGON",
                "nivel_vuelo": "FL 60",
                "coordenada_original": "335516S-0584314W"
            }
        },
        {
            "type": "Feature",
            "geometry": {
                "type": "Point",
                "coordinates": [
                    -59.441389,
                    -34.222222
                ]
            },
            "properties": {
                "aerovia": "W12",
                "waypoint": "SNT",
                "nivel_vuelo": "FL 50",
                "coordenada_original": "341320S-0592629W"
            }
        },
        {
            "type": "Feature",
            "geometry": {
                "type": "Point",
                "coordinates": [
                    -58.613889,
                    -34.611667
                ]
            },
            "properties": {
                "aerovia": "W13",
                "waypoint": "PAL",
                "nivel_vuelo": "N/A",
                "coordenada_original": "343642S-0583650W"
            }
        },
        {
            "type": "Feature",
            "geometry": {
                "type": "Point",
                "coordinates": [
                    -59.600556,
                    -34.571111
                ]
            },
            "properties": {
                "aerovia": "W13",
                "waypoint": "NEPIS",
                "nivel_vuelo": "FL 45",
                "coordenada_original": "343416S-0593602W"
            }
        },
        {
            "type": "Feature",
            "geometry": {
                "type": "Point",
                "coordinates": [
                    -60.933889,
                    -34.541111
                ]
            },
            "properties": {
                "aerovia": "W13",
                "waypoint": "NIN",
                "nivel_vuelo": "FL 60",
                "coordenada_original": "343228S-0605602W"
            }
        },
        {
            "type": "Feature",
            "geometry": {
                "type": "Point",
                "coordinates": [
                    -61.925278,
                    -29.873333
                ]
            },
            "properties": {
                "aerovia": "W14",
                "waypoint": "ERE",
                "nivel_vuelo": "N/A",
                "coordenada_original": "295224S-0615531W"
            }
        },
        {
            "type": "Feature",
            "geometry": {
                "type": "Point",
                "coordinates": [
                    -60.825833,
                    -29.554722
                ]
            },
            "properties": {
                "aerovia": "W14",
                "waypoint": "IREKA",
                "nivel_vuelo": "N/A",
                "coordenada_original": "293317S-0604933W"
            }
        },
        {
            "type": "Feature",
            "geometry": {
                "type": "Point",
                "coordinates": [
                    -60.228056,
                    -29.375833
                ]
            },
            "properties": {
                "aerovia": "W14",
                "waypoint": "USEPA",
                "nivel_vuelo": "N/A",
                "coordenada_original": "292233S-0601341W"
            }
        },
        {
            "type": "Feature",
            "geometry": {
                "type": "Point",
                "coordinates": [
                    -59.6825,
                    -29.208611
                ]
            },
            "properties": {
                "aerovia": "W14",
                "waypoint": "RTA",
                "nivel_vuelo": "N/A",
                "coordenada_original": "291231S-0594057W"
            }
        },
        {
            "type": "Feature",
            "geometry": {
                "type": "Point",
                "coordinates": [
                    -59.035278,
                    -28.904722
                ]
            },
            "properties": {
                "aerovia": "W14",
                "waypoint": "ASELO",
                "nivel_vuelo": "FL 195",
                "coordenada_original": "285417S-0590207W"
            }
        },
        {
            "type": "Feature",
            "geometry": {
                "type": "Point",
                "coordinates": [
                    -58.949167,
                    -28.860556
                ]
            },
            "properties": {
                "aerovia": "W14",
                "waypoint": "DAMIS",
                "nivel_vuelo": "FL 50",
                "coordenada_original": "285138S-0585657W"
            }
        },
        {
            "type": "Feature",
            "geometry": {
                "type": "Point",
                "coordinates": [
                    -58.472778,
                    -28.636389
                ]
            },
            "properties": {
                "aerovia": "W14",
                "waypoint": "UROLI",
                "nivel_vuelo": "FL 50",
                "coordenada_original": "283811S-0582822W"
            }
        },
        {
            "type": "Feature",
            "geometry": {
                "type": "Point",
                "coordinates": [
                    -57.590278,
                    -28.201111
                ]
            },
            "properties": {
                "aerovia": "W14",
                "waypoint": "BITUS",
                "nivel_vuelo": "FL 50",
                "coordenada_original": "281204S-0573525W"
            }
        },
        {
            "type": "Feature",
            "geometry": {
                "type": "Point",
                "coordinates": [
                    -56.458056,
                    -27.634722
                ]
            },
            "properties": {
                "aerovia": "W14",
                "waypoint": "DAGRA",
                "nivel_vuelo": "FL 50",
                "coordenada_original": "273805S-0562729W"
            }
        },
        {
            "type": "Feature",
            "geometry": {
                "type": "Point",
                "coordinates": [
                    -55.969167,
                    -27.385556
                ]
            },
            "properties": {
                "aerovia": "W14",
                "waypoint": "POS",
                "nivel_vuelo": "FL 50",
                "coordenada_original": "272308S-0555809W"
            }
        },
        {
            "type": "Feature",
            "geometry": {
                "type": "Point",
                "coordinates": [
                    -65.746667,
                    -28.583611
                ]
            },
            "properties": {
                "aerovia": "W15",
                "waypoint": "CAT",
                "nivel_vuelo": "N/A",
                "coordenada_original": "283501S-0654448W"
            }
        },
        {
            "type": "Feature",
            "geometry": {
                "type": "Point",
                "coordinates": [
                    -65.498611,
                    -29.033889
                ]
            },
            "properties": {
                "aerovia": "W15",
                "waypoint": "LITOR",
                "nivel_vuelo": "N/A",
                "coordenada_original": "290202S-0652955W"
            }
        },
        {
            "type": "Feature",
            "geometry": {
                "type": "Point",
                "coordinates": [
                    -64.678611,
                    -30.490833
                ]
            },
            "properties": {
                "aerovia": "W15",
                "waypoint": "SIBOL",
                "nivel_vuelo": "FL 110",
                "coordenada_original": "302927S-0644043W"
            }
        },
        {
            "type": "Feature",
            "geometry": {
                "type": "Point",
                "coordinates": [
                    -64.203611,
                    -31.313333
                ]
            },
            "properties": {
                "aerovia": "W15",
                "waypoint": "CBA",
                "nivel_vuelo": "FL 110",
                "coordenada_original": "311848S-0641213W"
            }
        },
        {
            "type": "Feature",
            "geometry": {
                "type": "Point",
                "coordinates": [
                    -63.564444,
                    -32.051667
                ]
            },
            "properties": {
                "aerovia": "W15",
                "waypoint": "SIMES",
                "nivel_vuelo": "FL 110",
                "coordenada_original": "320306S-0633352W"
            }
        },
        {
            "type": "Feature",
            "geometry": {
                "type": "Point",
                "coordinates": [
                    -63.360833,
                    -34.141389
                ]
            },
            "properties": {
                "aerovia": "W15",
                "waypoint": "LYE",
                "nivel_vuelo": "FL 50",
                "coordenada_original": "340829S-0632139W"
            }
        },
        {
            "type": "Feature",
            "geometry": {
                "type": "Point",
                "coordinates": [
                    -66.803611,
                    -29.388611
                ]
            },
            "properties": {
                "aerovia": "W16",
                "waypoint": "LAR",
                "nivel_vuelo": "N/A",
                "coordenada_original": "292319S-0664813W"
            }
        },
        {
            "type": "Feature",
            "geometry": {
                "type": "Point",
                "coordinates": [
                    -66.370833,
                    -29.717778
                ]
            },
            "properties": {
                "aerovia": "W16",
                "waypoint": "AKRAS",
                "nivel_vuelo": "FL 145",
                "coordenada_original": "294304S-0662215W"
            }
        },
        {
            "type": "Feature",
            "geometry": {
                "type": "Point",
                "coordinates": [
                    -65.672778,
                    -30.241389
                ]
            },
            "properties": {
                "aerovia": "W16",
                "waypoint": "UMKAD",
                "nivel_vuelo": "FL 80",
                "coordenada_original": "301429S-0654022W"
            }
        },
        {
            "type": "Feature",
            "geometry": {
                "type": "Point",
                "coordinates": [
                    -65.483056,
                    -30.382222
                ]
            },
            "properties": {
                "aerovia": "W16",
                "waypoint": "SAD",
                "nivel_vuelo": "FL 145",
                "coordenada_original": "302256S-0652859W"
            }
        },
        {
            "type": "Feature",
            "geometry": {
                "type": "Point",
                "coordinates": [
                    -65.020556,
                    -30.722222
                ]
            },
            "properties": {
                "aerovia": "W16",
                "waypoint": "ETEPO",
                "nivel_vuelo": "FL 90",
                "coordenada_original": "304320S-0650114W"
            }
        },
        {
            "type": "Feature",
            "geometry": {
                "type": "Point",
                "coordinates": [
                    -64.203611,
                    -31.313333
                ]
            },
            "properties": {
                "aerovia": "W16",
                "waypoint": "SACO",
                "nivel_vuelo": "FL 145",
                "coordenada_original": "311848S-0641213W"
            }
        },
        {
            "type": "Feature",
            "geometry": {
                "type": "Point",
                "coordinates": [
                    -57.898333,
                    -34.975833
                ]
            },
            "properties": {
                "aerovia": "W18",
                "waypoint": "PTA",
                "nivel_vuelo": "N/A",
                "coordenada_original": "345833S-0575354W"
            }
        },
        {
            "type": "Feature",
            "geometry": {
                "type": "Point",
                "coordinates": [
                    -58.464722,
                    -35.750833
                ]
            },
            "properties": {
                "aerovia": "W18",
                "waypoint": "GBE",
                "nivel_vuelo": "FL 195",
                "coordenada_original": "354503S-0582753W"
            }
        },
        {
            "type": "Feature",
            "geometry": {
                "type": "Point",
                "coordinates": [
                    -58.746667,
                    -36.302778
                ]
            },
            "properties": {
                "aerovia": "W18",
                "waypoint": "KALIM",
                "nivel_vuelo": "FL 50",
                "coordenada_original": "361810S-0584448W"
            }
        },
        {
            "type": "Feature",
            "geometry": {
                "type": "Point",
                "coordinates": [
                    -60.004167,
                    -38.014444
                ]
            },
            "properties": {
                "aerovia": "W18",
                "waypoint": "ATITO",
                "nivel_vuelo": "FL 145",
                "coordenada_original": "380052S-0600015W"
            }
        },
        {
            "type": "Feature",
            "geometry": {
                "type": "Point",
                "coordinates": [
                    -61.074167,
                    -38.371667
                ]
            },
            "properties": {
                "aerovia": "W18",
                "waypoint": "MOXAN",
                "nivel_vuelo": "FL 145",
                "coordenada_original": "382218S-0610427W"
            }
        },
        {
            "type": "Feature",
            "geometry": {
                "type": "Point",
                "coordinates": [
                    -62.158333,
                    -38.72
                ]
            },
            "properties": {
                "aerovia": "W18",
                "waypoint": "BCA",
                "nivel_vuelo": "FL 145",
                "coordenada_original": "384312S-0620930W"
            }
        },
        {
            "type": "Feature",
            "geometry": {
                "type": "Point",
                "coordinates": [
                    -62.666111,
                    -39.505278
                ]
            },
            "properties": {
                "aerovia": "W18",
                "waypoint": "SANBU",
                "nivel_vuelo": "FL 245",
                "coordenada_original": "393019S-0623958W"
            }
        },
        {
            "type": "Feature",
            "geometry": {
                "type": "Point",
                "coordinates": [
                    -62.878333,
                    -40.375556
                ]
            },
            "properties": {
                "aerovia": "C15",
                "waypoint": "USESA",
                "nivel_vuelo": "FL 50",
                "coordenada_original": "402232S-0625242W"
            }
        },
        {
            "type": "Feature",
            "geometry": {
                "type": "Point",
                "coordinates": [
                    -63.000833,
                    -40.867222
                ]
            },
            "properties": {
                "aerovia": "C15",
                "waypoint": "VIE",
                "nivel_vuelo": "FL 50",
                "coordenada_original": "405202S-0630003W"
            }
        },
        {
            "type": "Feature",
            "geometry": {
                "type": "Point",
                "coordinates": [
                    -63.380556,
                    -41.278056
                ]
            },
            "properties": {
                "aerovia": "C15",
                "waypoint": "KIGIR",
                "nivel_vuelo": "FL 50",
                "coordenada_original": "411641S-0632250W"
            }
        },
        {
            "type": "Feature",
            "geometry": {
                "type": "Point",
                "coordinates": [
                    -64.511389,
                    -42.461389
                ]
            },
            "properties": {
                "aerovia": "C15",
                "waypoint": "MIGUS",
                "nivel_vuelo": "FL 50",
                "coordenada_original": "422741S-0643041W"
            }
        },
        {
            "type": "Feature",
            "geometry": {
                "type": "Point",
                "coordinates": [
                    -65.247222,
                    -43.2025
                ]
            },
            "properties": {
                "aerovia": "C15",
                "waypoint": "TRE",
                "nivel_vuelo": "FL 50",
                "coordenada_original": "431209S-0651450W"
            }
        },
        {
            "type": "Feature",
            "geometry": {
                "type": "Point",
                "coordinates": [
                    -65.88,
                    -43.996389
                ]
            },
            "properties": {
                "aerovia": "C15",
                "waypoint": "GATUD",
                "nivel_vuelo": "FL 50",
                "coordenada_original": "435947S-0655248W"
            }
        },
        {
            "type": "Feature",
            "geometry": {
                "type": "Point",
                "coordinates": [
                    -67.371667,
                    -45.773333
                ]
            },
            "properties": {
                "aerovia": "C15",
                "waypoint": "CRV",
                "nivel_vuelo": "FL 50",
                "coordenada_original": "454624S-0672218W"
            }
        },
        {
            "type": "Feature",
            "geometry": {
                "type": "Point",
                "coordinates": [
                    -67.48,
                    -46.686944
                ]
            },
            "properties": {
                "aerovia": "C15",
                "waypoint": "ANDEX",
                "nivel_vuelo": "FL 50",
                "coordenada_original": "464113S-0672848W"
            }
        },
        {
            "type": "Feature",
            "geometry": {
                "type": "Point",
                "coordinates": [
                    -67.812778,
                    -49.309722
                ]
            },
            "properties": {
                "aerovia": "C15",
                "waypoint": "SJU",
                "nivel_vuelo": "FL 50",
                "coordenada_original": "491835S-0674846W"
            }
        },
        {
            "type": "Feature",
            "geometry": {
                "type": "Point",
                "coordinates": [
                    -68.755278,
                    -50.768056
                ]
            },
            "properties": {
                "aerovia": "C15",
                "waypoint": "IRAVU",
                "nivel_vuelo": "FL 245",
                "coordenada_original": "504605S-0684519W"
            }
        },
        {
            "type": "Feature",
            "geometry": {
                "type": "Point",
                "coordinates": [
                    -69.330556,
                    -51.611667
                ]
            },
            "properties": {
                "aerovia": "C15",
                "waypoint": "GAL",
                "nivel_vuelo": "FL 60",
                "coordenada_original": "513642S 0691950W"
            }
        },
        {
            "type": "Feature",
            "geometry": {
                "type": "Point",
                "coordinates": [
                    -63.360833,
                    -34.141389
                ]
            },
            "properties": {
                "aerovia": "W19",
                "waypoint": "LYE",
                "nivel_vuelo": "N/A",
                "coordenada_original": "340829S-0632139W"
            }
        },
        {
            "type": "Feature",
            "geometry": {
                "type": "Point",
                "coordinates": [
                    -63.918333,
                    -33.499722
                ]
            },
            "properties": {
                "aerovia": "W19",
                "waypoint": "ALDOR",
                "nivel_vuelo": "FL 145",
                "coordenada_original": "332959S-0635506W"
            }
        },
        {
            "type": "Feature",
            "geometry": {
                "type": "Point",
                "coordinates": [
                    -64.265,
                    -33.092222
                ]
            },
            "properties": {
                "aerovia": "W19",
                "waypoint": "RCU",
                "nivel_vuelo": "FL 60",
                "coordenada_original": "330532S-0641554W"
            }
        },
        {
            "type": "Feature",
            "geometry": {
                "type": "Point",
                "coordinates": [
                    -64.709167,
                    -32.746111
                ]
            },
            "properties": {
                "aerovia": "W19",
                "waypoint": "EGETU",
                "nivel_vuelo": "FL 60",
                "coordenada_original": "324446S-0644233W"
            }
        },
        {
            "type": "Feature",
            "geometry": {
                "type": "Point",
                "coordinates": [
                    -64.967222,
                    -32.543611
                ]
            },
            "properties": {
                "aerovia": "W19",
                "waypoint": "UDEXA",
                "nivel_vuelo": "FL 60",
                "coordenada_original": "323237S-0645802W"
            }
        },
        {
            "type": "Feature",
            "geometry": {
                "type": "Point",
                "coordinates": [
                    -65.183333,
                    -32.3725
                ]
            },
            "properties": {
                "aerovia": "W19",
                "waypoint": "SRC",
                "nivel_vuelo": "FL 195",
                "coordenada_original": "322221S-0651100W"
            }
        },
        {
            "type": "Feature",
            "geometry": {
                "type": "Point",
                "coordinates": [
                    -65.470556,
                    -32.315833
                ]
            },
            "properties": {
                "aerovia": "W19",
                "waypoint": "ARUSO",
                "nivel_vuelo": "FL 100",
                "coordenada_original": "321857S-0652814W"
            }
        },
        {
            "type": "Feature",
            "geometry": {
                "type": "Point",
                "coordinates": [
                    -65.603889,
                    -32.290278
                ]
            },
            "properties": {
                "aerovia": "W19",
                "waypoint": "ERUTU",
                "nivel_vuelo": "FL 100",
                "coordenada_original": "321725S-0653614W"
            }
        },
        {
            "type": "Feature",
            "geometry": {
                "type": "Point",
                "coordinates": [
                    -66.512222,
                    -32.104444
                ]
            },
            "properties": {
                "aerovia": "W19",
                "waypoint": "SOLER",
                "nivel_vuelo": "FL 100",
                "coordenada_original": "320616S-0663044W"
            }
        },
        {
            "type": "Feature",
            "geometry": {
                "type": "Point",
                "coordinates": [
                    -59.057222,
                    -27.446944
                ]
            },
            "properties": {
                "aerovia": "W20",
                "waypoint": "SIS",
                "nivel_vuelo": "N/A",
                "coordenada_original": "272649S-0590326W"
            }
        },
        {
            "type": "Feature",
            "geometry": {
                "type": "Point",
                "coordinates": [
                    -59.367778,
                    -28.329722
                ]
            },
            "properties": {
                "aerovia": "W20",
                "waypoint": "OPKAN",
                "nivel_vuelo": "N/A",
                "coordenada_original": "281947S-0592204W"
            }
        },
        {
            "type": "Feature",
            "geometry": {
                "type": "Point",
                "coordinates": [
                    -59.508889,
                    -28.726389
                ]
            },
            "properties": {
                "aerovia": "W20",
                "waypoint": "ITADO",
                "nivel_vuelo": "N/A",
                "coordenada_original": "284335S-0593032W"
            }
        },
        {
            "type": "Feature",
            "geometry": {
                "type": "Point",
                "coordinates": [
                    -59.6825,
                    -29.208611
                ]
            },
            "properties": {
                "aerovia": "W20",
                "waypoint": "RTA",
                "nivel_vuelo": "N/A",
                "coordenada_original": "291231S-0594057W"
            }
        },
        {
            "type": "Feature",
            "geometry": {
                "type": "Point",
                "coordinates": [
                    -59.830556,
                    -29.698611
                ]
            },
            "properties": {
                "aerovia": "W20",
                "waypoint": "ASGAS",
                "nivel_vuelo": "FL 245",
                "coordenada_original": "294155S-0594950W"
            }
        },
        {
            "type": "Feature",
            "geometry": {
                "type": "Point",
                "coordinates": [
                    -60.010556,
                    -30.260556
                ]
            },
            "properties": {
                "aerovia": "W20",
                "waypoint": "GEGUS",
                "nivel_vuelo": "FL 50",
                "coordenada_original": "301538S-0600038W"
            }
        },
        {
            "type": "Feature",
            "geometry": {
                "type": "Point",
                "coordinates": [
                    -60.212222,
                    -30.921667
                ]
            },
            "properties": {
                "aerovia": "W20",
                "waypoint": "CABAL",
                "nivel_vuelo": "FL 50",
                "coordenada_original": "305518S-0601244W"
            }
        },
        {
            "type": "Feature",
            "geometry": {
                "type": "Point",
                "coordinates": [
                    -60.484722,
                    -31.808333
                ]
            },
            "properties": {
                "aerovia": "W20",
                "waypoint": "PAR",
                "nivel_vuelo": "FL 50",
                "coordenada_original": "314830S-0602905W"
            }
        },
        {
            "type": "Feature",
            "geometry": {
                "type": "Point",
                "coordinates": [
                    -60.649722,
                    -32.4175
                ]
            },
            "properties": {
                "aerovia": "W20",
                "waypoint": "DABOT",
                "nivel_vuelo": "FL 50",
                "coordenada_original": "322503S-0603859W"
            }
        },
        {
            "type": "Feature",
            "geometry": {
                "type": "Point",
                "coordinates": [
                    -60.481667,
                    -33.3375
                ]
            },
            "properties": {
                "aerovia": "W20",
                "waypoint": "VASAL",
                "nivel_vuelo": "FL 195",
                "coordenada_original": "332015S-0602854W"
            }
        },
        {
            "type": "Feature",
            "geometry": {
                "type": "Point",
                "coordinates": [
                    -60.129722,
                    -33.84
                ]
            },
            "properties": {
                "aerovia": "W20",
                "waypoint": "MULTA",
                "nivel_vuelo": "FL 195",
                "coordenada_original": "335024S-0600747W"
            }
        },
        {
            "type": "Feature",
            "geometry": {
                "type": "Point",
                "coordinates": [
                    -60.806389,
                    -31.711667
                ]
            },
            "properties": {
                "aerovia": "W21",
                "waypoint": "SVO",
                "nivel_vuelo": "N/A",
                "coordenada_original": "314242S-0604823W"
            }
        },
        {
            "type": "Feature",
            "geometry": {
                "type": "Point",
                "coordinates": [
                    -60.791667,
                    -32.405
                ]
            },
            "properties": {
                "aerovia": "W21",
                "waypoint": "MUPIS",
                "nivel_vuelo": "FL 245",
                "coordenada_original": "322418S-0604730W"
            }
        },
        {
            "type": "Feature",
            "geometry": {
                "type": "Point",
                "coordinates": [
                    -60.781389,
                    -32.905
                ]
            },
            "properties": {
                "aerovia": "W21",
                "waypoint": "ROS",
                "nivel_vuelo": "FL 195",
                "coordenada_original": "325418S-0604653W"
            }
        },
        {
            "type": "Feature",
            "geometry": {
                "type": "Point",
                "coordinates": [
                    -62.158333,
                    -38.72
                ]
            },
            "properties": {
                "aerovia": "W22",
                "waypoint": "BCA",
                "nivel_vuelo": "FL 245",
                "coordenada_original": "384312S-0620930W"
            }
        },
        {
            "type": "Feature",
            "geometry": {
                "type": "Point",
                "coordinates": [
                    -61.485,
                    -37.970833
                ]
            },
            "properties": {
                "aerovia": "W22",
                "waypoint": "PULAS",
                "nivel_vuelo": "FL 70",
                "coordenada_original": "375815S-0612906W"
            }
        },
        {
            "type": "Feature",
            "geometry": {
                "type": "Point",
                "coordinates": [
                    -60.225556,
                    -36.516111
                ]
            },
            "properties": {
                "aerovia": "W22",
                "waypoint": "EGANI",
                "nivel_vuelo": "FL 70",
                "coordenada_original": "363058S-0601332W"
            }
        },
        {
            "type": "Feature",
            "geometry": {
                "type": "Point",
                "coordinates": [
                    -59.350556,
                    -35.457778
                ]
            },
            "properties": {
                "aerovia": "W22",
                "waypoint": "VALOS",
                "nivel_vuelo": "FL 145",
                "coordenada_original": "352728S-0592102W"
            }
        },
        {
            "type": "Feature",
            "geometry": {
                "type": "Point",
                "coordinates": [
                    -59.158889,
                    -35.200278
                ]
            },
            "properties": {
                "aerovia": "W22",
                "waypoint": "GEBEM",
                "nivel_vuelo": "FL 50",
                "coordenada_original": "351201S-0590932W"
            }
        },
        {
            "type": "Feature",
            "geometry": {
                "type": "Point",
                "coordinates": [
                    -58.535278,
                    -34.824167
                ]
            },
            "properties": {
                "aerovia": "W22",
                "waypoint": "EZE",
                "nivel_vuelo": "FL 50",
                "coordenada_original": "344927S-0583207W"
            }
        },
        {
            "type": "Feature",
            "geometry": {
                "type": "Point",
                "coordinates": [
                    -65.196389,
                    -31.660278
                ]
            },
            "properties": {
                "aerovia": "W23",
                "waypoint": "ALDEX",
                "nivel_vuelo": "N/A",
                "coordenada_original": "313937S-0651147W"
            }
        },
        {
            "type": "Feature",
            "geometry": {
                "type": "Point",
                "coordinates": [
                    -65.187778,
                    -32.122222
                ]
            },
            "properties": {
                "aerovia": "W23",
                "waypoint": "IRATI",
                "nivel_vuelo": "FL 145",
                "coordenada_original": "320720S-0651116W"
            }
        },
        {
            "type": "Feature",
            "geometry": {
                "type": "Point",
                "coordinates": [
                    -65.183333,
                    -32.3725
                ]
            },
            "properties": {
                "aerovia": "W23",
                "waypoint": "ROSA",
                "nivel_vuelo": "FL 120",
                "coordenada_original": "322221S-0651100W"
            }
        },
        {
            "type": "Feature",
            "geometry": {
                "type": "Point",
                "coordinates": [
                    -65.401667,
                    -32.541389
                ]
            },
            "properties": {
                "aerovia": "W23",
                "waypoint": "EGAKU",
                "nivel_vuelo": "FL 120",
                "coordenada_original": "323229S-0652406W"
            }
        },
        {
            "type": "Feature",
            "geometry": {
                "type": "Point",
                "coordinates": [
                    -66.017222,
                    -33.011111
                ]
            },
            "properties": {
                "aerovia": "W23",
                "waypoint": "ISIPO",
                "nivel_vuelo": "FL 100",
                "coordenada_original": "330040S-0660102W"
            }
        },
        {
            "type": "Feature",
            "geometry": {
                "type": "Point",
                "coordinates": [
                    -66.358056,
                    -33.268333
                ]
            },
            "properties": {
                "aerovia": "W23",
                "waypoint": "LUIS",
                "nivel_vuelo": "FL 100",
                "coordenada_original": "331606S-0662129W"
            }
        },
        {
            "type": "Feature",
            "geometry": {
                "type": "Point",
                "coordinates": [
                    -66.751667,
                    -33.528611
                ]
            },
            "properties": {
                "aerovia": "W23",
                "waypoint": "EDRAL",
                "nivel_vuelo": "FL 100",
                "coordenada_original": "333143S-0664506W"
            }
        },
        {
            "type": "Feature",
            "geometry": {
                "type": "Point",
                "coordinates": [
                    -67.005,
                    -33.699444
                ]
            },
            "properties": {
                "aerovia": "W23",
                "waypoint": "LOLIV",
                "nivel_vuelo": "FL 195",
                "coordenada_original": "334158S-0670018W"
            }
        },
        {
            "type": "Feature",
            "geometry": {
                "type": "Point",
                "coordinates": [
                    -67.914444,
                    -34.283889
                ]
            },
            "properties": {
                "aerovia": "W23",
                "waypoint": "OPRIL",
                "nivel_vuelo": "FL 80",
                "coordenada_original": "341702S-0675452W"
            }
        },
        {
            "type": "Feature",
            "geometry": {
                "type": "Point",
                "coordinates": [
                    -68.394722,
                    -34.589444
                ]
            },
            "properties": {
                "aerovia": "W23",
                "waypoint": "SRA",
                "nivel_vuelo": "FL 80",
                "coordenada_original": "343522S-0682341W"
            }
        },
        {
            "type": "Feature",
            "geometry": {
                "type": "Point",
                "coordinates": [
                    -68.839722,
                    -34.93
                ]
            },
            "properties": {
                "aerovia": "W23",
                "waypoint": "DIGER",
                "nivel_vuelo": "FL 80",
                "coordenada_original": "345548S-0685023W"
            }
        },
        {
            "type": "Feature",
            "geometry": {
                "type": "Point",
                "coordinates": [
                    -69.1275,
                    -35.147778
                ]
            },
            "properties": {
                "aerovia": "W23",
                "waypoint": "DIKIS",
                "nivel_vuelo": "FL 90",
                "coordenada_original": "350852S-0690739W"
            }
        },
        {
            "type": "Feature",
            "geometry": {
                "type": "Point",
                "coordinates": [
                    -69.578611,
                    -35.486111
                ]
            },
            "properties": {
                "aerovia": "W23",
                "waypoint": "MLG",
                "nivel_vuelo": "FL 90",
                "coordenada_original": "352910S-0693443W"
            }
        },
        {
            "type": "Feature",
            "geometry": {
                "type": "Point",
                "coordinates": [
                    -68.421389,
                    -31.563889
                ]
            },
            "properties": {
                "aerovia": "W24",
                "waypoint": "JUA",
                "nivel_vuelo": "N/A",
                "coordenada_original": "313350S-0682517W"
            }
        },
        {
            "type": "Feature",
            "geometry": {
                "type": "Point",
                "coordinates": [
                    -67.835556,
                    -31.5375
                ]
            },
            "properties": {
                "aerovia": "W24",
                "waypoint": "KIBUN",
                "nivel_vuelo": "FL 145",
                "coordenada_original": "313215S-0675008W"
            }
        },
        {
            "type": "Feature",
            "geometry": {
                "type": "Point",
                "coordinates": [
                    -66.886944,
                    -31.488889
                ]
            },
            "properties": {
                "aerovia": "W24",
                "waypoint": "ORABA",
                "nivel_vuelo": "FL 140",
                "coordenada_original": "312920S-0665313W"
            }
        },
        {
            "type": "Feature",
            "geometry": {
                "type": "Point",
                "coordinates": [
                    -65.270556,
                    -31.39
                ]
            },
            "properties": {
                "aerovia": "W24",
                "waypoint": "PAMAK",
                "nivel_vuelo": "FL 145",
                "coordenada_original": "312324S-0651614W"
            }
        },
        {
            "type": "Feature",
            "geometry": {
                "type": "Point",
                "coordinates": [
                    -64.203611,
                    -31.313333
                ]
            },
            "properties": {
                "aerovia": "W24",
                "waypoint": "CBA",
                "nivel_vuelo": "FL 110",
                "coordenada_original": "311848S-0641213W"
            }
        },
        {
            "type": "Feature",
            "geometry": {
                "type": "Point",
                "coordinates": [
                    -63.364722,
                    -31.886111
                ]
            },
            "properties": {
                "aerovia": "W24",
                "waypoint": "UTRAX",
                "nivel_vuelo": "FL 145",
                "coordenada_original": "315310S-0632153W"
            }
        },
        {
            "type": "Feature",
            "geometry": {
                "type": "Point",
                "coordinates": [
                    -62.161111,
                    -32.686111
                ]
            },
            "properties": {
                "aerovia": "W24",
                "waypoint": "MJZ",
                "nivel_vuelo": "FL 145",
                "coordenada_original": "324110S-0620940W"
            }
        },
        {
            "type": "Feature",
            "geometry": {
                "type": "Point",
                "coordinates": [
                    -60.990833,
                    -33.360833
                ]
            },
            "properties": {
                "aerovia": "W24",
                "waypoint": "UDITA",
                "nivel_vuelo": "FL 45",
                "coordenada_original": "332139S-0605927W"
            }
        },
        {
            "type": "Feature",
            "geometry": {
                "type": "Point",
                "coordinates": [
                    -60.129722,
                    -33.84
                ]
            },
            "properties": {
                "aerovia": "W24",
                "waypoint": "MULTA",
                "nivel_vuelo": "FL 50",
                "coordenada_original": "335024S-0600747W"
            }
        },
        {
            "type": "Feature",
            "geometry": {
                "type": "Point",
                "coordinates": [
                    -59.441389,
                    -34.222222
                ]
            },
            "properties": {
                "aerovia": "W24",
                "waypoint": "SNT",
                "nivel_vuelo": "FL 45",
                "coordenada_original": "341320S-0592629W"
            }
        },
        {
            "type": "Feature",
            "geometry": {
                "type": "Point",
                "coordinates": [
                    -62.378333,
                    -30.781667
                ]
            },
            "properties": {
                "aerovia": "W25",
                "waypoint": "OPTIR",
                "nivel_vuelo": "N/A",
                "coordenada_original": "304654S-0622242W"
            }
        },
        {
            "type": "Feature",
            "geometry": {
                "type": "Point",
                "coordinates": [
                    -63.19,
                    -31.0225
                ]
            },
            "properties": {
                "aerovia": "W25",
                "waypoint": "GEMOP",
                "nivel_vuelo": "FL 060",
                "coordenada_original": "310121S-0631124W"
            }
        },
        {
            "type": "Feature",
            "geometry": {
                "type": "Point",
                "coordinates": [
                    -64.203611,
                    -31.313333
                ]
            },
            "properties": {
                "aerovia": "W25",
                "waypoint": "CBA",
                "nivel_vuelo": "FL 145",
                "coordenada_original": "311848S-0641213W"
            }
        },
        {
            "type": "Feature",
            "geometry": {
                "type": "Point",
                "coordinates": [
                    -71.188889,
                    -41.140278
                ]
            },
            "properties": {
                "aerovia": "W26",
                "waypoint": "BAR",
                "nivel_vuelo": "N/A",
                "coordenada_original": "410825S-0711120W"
            }
        },
        {
            "type": "Feature",
            "geometry": {
                "type": "Point",
                "coordinates": [
                    -70.619722,
                    -40.746111
                ]
            },
            "properties": {
                "aerovia": "W26",
                "waypoint": "LIMAY",
                "nivel_vuelo": "N/A",
                "coordenada_original": "404446S-0703711W"
            }
        },
        {
            "type": "Feature",
            "geometry": {
                "type": "Point",
                "coordinates": [
                    -70.415556,
                    -40.603056
                ]
            },
            "properties": {
                "aerovia": "W26",
                "waypoint": "EGUNO",
                "nivel_vuelo": "FL 245",
                "coordenada_original": "403611S-0702456W"
            }
        },
        {
            "type": "Feature",
            "geometry": {
                "type": "Point",
                "coordinates": [
                    -68.818889,
                    -39.448611
                ]
            },
            "properties": {
                "aerovia": "W26",
                "waypoint": "DAMBA",
                "nivel_vuelo": "FL 195",
                "coordenada_original": "392655S-0684908W"
            }
        },
        {
            "type": "Feature",
            "geometry": {
                "type": "Point",
                "coordinates": [
                    -68.617222,
                    -39.298333
                ]
            },
            "properties": {
                "aerovia": "W26",
                "waypoint": "ARTOK",
                "nivel_vuelo": "FL 130",
                "coordenada_original": "391754S-0683702W"
            }
        },
        {
            "type": "Feature",
            "geometry": {
                "type": "Point",
                "coordinates": [
                    -68.154722,
                    -38.950278
                ]
            },
            "properties": {
                "aerovia": "W26",
                "waypoint": "NEU",
                "nivel_vuelo": "FL 130",
                "coordenada_original": "385701S-0680917W"
            }
        },
        {
            "type": "Feature",
            "geometry": {
                "type": "Point",
                "coordinates": [
                    -57.898333,
                    -34.975833
                ]
            },
            "properties": {
                "aerovia": "W27",
                "waypoint": "PTA",
                "nivel_vuelo": "N/A",
                "coordenada_original": "345833S-0575354W"
            }
        },
        {
            "type": "Feature",
            "geometry": {
                "type": "Point",
                "coordinates": [
                    -57.520556,
                    -35.199444
                ]
            },
            "properties": {
                "aerovia": "W27",
                "waypoint": "KOVUK",
                "nivel_vuelo": "N/A",
                "coordenada_original": "351158S-0573114W"
            }
        },
        {
            "type": "Feature",
            "geometry": {
                "type": "Point",
                "coordinates": [
                    -57.275556,
                    -35.345278
                ]
            },
            "properties": {
                "aerovia": "W27",
                "waypoint": "PDI",
                "nivel_vuelo": "FL 245",
                "coordenada_original": "352043S-0571632W"
            }
        },
        {
            "type": "Feature",
            "geometry": {
                "type": "Point",
                "coordinates": [
                    -57.625278,
                    -35.691944
                ]
            },
            "properties": {
                "aerovia": "W27",
                "waypoint": "ISTER",
                "nivel_vuelo": "FL 50",
                "coordenada_original": "354131S-0573731W"
            }
        },
        {
            "type": "Feature",
            "geometry": {
                "type": "Point",
                "coordinates": [
                    -58.420833,
                    -36.4625
                ]
            },
            "properties": {
                "aerovia": "W27",
                "waypoint": "SORSI",
                "nivel_vuelo": "FL 50",
                "coordenada_original": "362745S-0582515W"
            }
        },
        {
            "type": "Feature",
            "geometry": {
                "type": "Point",
                "coordinates": [
                    -59.229444,
                    -37.225
                ]
            },
            "properties": {
                "aerovia": "W27",
                "waypoint": "DIL",
                "nivel_vuelo": "FL 50",
                "coordenada_original": "371330S-0591346W"
            }
        },
        {
            "type": "Feature",
            "geometry": {
                "type": "Point",
                "coordinates": [
                    -59.229444,
                    -37.225
                ]
            },
            "properties": {
                "aerovia": "W28",
                "waypoint": "DIL",
                "nivel_vuelo": "N/A",
                "coordenada_original": "371330S-0591346W"
            }
        },
        {
            "type": "Feature",
            "geometry": {
                "type": "Point",
                "coordinates": [
                    -58.135556,
                    -37.695278
                ]
            },
            "properties": {
                "aerovia": "W28",
                "waypoint": "ESURO",
                "nivel_vuelo": "FL 145",
                "coordenada_original": "374143S-0580808W"
            }
        },
        {
            "type": "Feature",
            "geometry": {
                "type": "Point",
                "coordinates": [
                    -57.576389,
                    -37.929722
                ]
            },
            "properties": {
                "aerovia": "W28",
                "waypoint": "MDP",
                "nivel_vuelo": "FL 50",
                "coordenada_original": "375547S-0573435W"
            }
        },
        {
            "type": "Feature",
            "geometry": {
                "type": "Point",
                "coordinates": [
                    -58.535278,
                    -34.824167
                ]
            },
            "properties": {
                "aerovia": "W29",
                "waypoint": "EZE",
                "nivel_vuelo": "N/A",
                "coordenada_original": "344927S-0583207W"
            }
        },
        {
            "type": "Feature",
            "geometry": {
                "type": "Point",
                "coordinates": [
                    -58.464722,
                    -35.750833
                ]
            },
            "properties": {
                "aerovia": "W29",
                "waypoint": "GBE",
                "nivel_vuelo": "FL 245",
                "coordenada_original": "354503S-0582753W"
            }
        },
        {
            "type": "Feature",
            "geometry": {
                "type": "Point",
                "coordinates": [
                    -58.029444,
                    -37.063889
                ]
            },
            "properties": {
                "aerovia": "W29",
                "waypoint": "VOTRA",
                "nivel_vuelo": "FL 50",
                "coordenada_original": "370350S-0580146W"
            }
        },
        {
            "type": "Feature",
            "geometry": {
                "type": "Point",
                "coordinates": [
                    -57.576389,
                    -37.929722
                ]
            },
            "properties": {
                "aerovia": "W29",
                "waypoint": "MDP",
                "nivel_vuelo": "FL 50",
                "coordenada_original": "375547S-0573435W"
            }
        },
        {
            "type": "Feature",
            "geometry": {
                "type": "Point",
                "coordinates": [
                    -68.154722,
                    -38.950278
                ]
            },
            "properties": {
                "aerovia": "W30",
                "waypoint": "NEU",
                "nivel_vuelo": "N/A",
                "coordenada_original": "385701S-0680917W"
            }
        },
        {
            "type": "Feature",
            "geometry": {
                "type": "Point",
                "coordinates": [
                    -68.464167,
                    -39.388889
                ]
            },
            "properties": {
                "aerovia": "W30",
                "waypoint": "EGOBO",
                "nivel_vuelo": "FL 135",
                "coordenada_original": "392320S-0682751W"
            }
        },
        {
            "type": "Feature",
            "geometry": {
                "type": "Point",
                "coordinates": [
                    -69.155556,
                    -40.350278
                ]
            },
            "properties": {
                "aerovia": "W30",
                "waypoint": "KOMVI",
                "nivel_vuelo": "FL 140",
                "coordenada_original": "402101S-0690920W"
            }
        },
        {
            "type": "Feature",
            "geometry": {
                "type": "Point",
                "coordinates": [
                    -57.576389,
                    -37.929722
                ]
            },
            "properties": {
                "aerovia": "W31",
                "waypoint": "PLATA",
                "nivel_vuelo": "N/A",
                "coordenada_original": "375547S-0573435W"
            }
        },
        {
            "type": "Feature",
            "geometry": {
                "type": "Point",
                "coordinates": [
                    -57.680833,
                    -36.995278
                ]
            },
            "properties": {
                "aerovia": "W31",
                "waypoint": "PULPA",
                "nivel_vuelo": "FL 195",
                "coordenada_original": "365943S-0574051W"
            }
        },
        {
            "type": "Feature",
            "geometry": {
                "type": "Point",
                "coordinates": [
                    -57.833889,
                    -35.541111
                ]
            },
            "properties": {
                "aerovia": "W31",
                "waypoint": "TENIL",
                "nivel_vuelo": "FL 50",
                "coordenada_original": "353228S-0575002W"
            }
        },
        {
            "type": "Feature",
            "geometry": {
                "type": "Point",
                "coordinates": [
                    -57.898333,
                    -34.975833
                ]
            },
            "properties": {
                "aerovia": "W31",
                "waypoint": "PTA",
                "nivel_vuelo": "FL 50",
                "coordenada_original": "345833S-0575354W"
            }
        },
        {
            "type": "Feature",
            "geometry": {
                "type": "Point",
                "coordinates": [
                    -57.576389,
                    -37.929722
                ]
            },
            "properties": {
                "aerovia": "W32",
                "waypoint": "MDP",
                "nivel_vuelo": "N/A",
                "coordenada_original": "375547S-0573435W"
            }
        },
        {
            "type": "Feature",
            "geometry": {
                "type": "Point",
                "coordinates": [
                    -58.193056,
                    -38.0475
                ]
            },
            "properties": {
                "aerovia": "W32",
                "waypoint": "SIRAN",
                "nivel_vuelo": "N/A",
                "coordenada_original": "380251S-0581135W"
            }
        },
        {
            "type": "Feature",
            "geometry": {
                "type": "Point",
                "coordinates": [
                    -61.007778,
                    -38.54
                ]
            },
            "properties": {
                "aerovia": "W32",
                "waypoint": "DOTRI",
                "nivel_vuelo": "FL 45",
                "coordenada_original": "383224S-0610028W"
            }
        },
        {
            "type": "Feature",
            "geometry": {
                "type": "Point",
                "coordinates": [
                    -62.158333,
                    -38.72
                ]
            },
            "properties": {
                "aerovia": "W32",
                "waypoint": "BCA",
                "nivel_vuelo": "FL 195",
                "coordenada_original": "384312S-0620930W"
            }
        },
        {
            "type": "Feature",
            "geometry": {
                "type": "Point",
                "coordinates": [
                    -63.330556,
                    -38.789167
                ]
            },
            "properties": {
                "aerovia": "W32",
                "waypoint": "DAMIN",
                "nivel_vuelo": "FL 195",
                "coordenada_original": "384721S-0631950W"
            }
        },
        {
            "type": "Feature",
            "geometry": {
                "type": "Point",
                "coordinates": [
                    -64.585,
                    -38.850278
                ]
            },
            "properties": {
                "aerovia": "W32",
                "waypoint": "EGOKO",
                "nivel_vuelo": "FL 195",
                "coordenada_original": "385101S-0643506W"
            }
        },
        {
            "type": "Feature",
            "geometry": {
                "type": "Point",
                "coordinates": [
                    -66.121944,
                    -38.906667
                ]
            },
            "properties": {
                "aerovia": "W32",
                "waypoint": "ARVOV",
                "nivel_vuelo": "FL 195",
                "coordenada_original": "385424S-0660719W"
            }
        },
        {
            "type": "Feature",
            "geometry": {
                "type": "Point",
                "coordinates": [
                    -67.511944,
                    -38.940278
                ]
            },
            "properties": {
                "aerovia": "W32",
                "waypoint": "ROPON",
                "nivel_vuelo": "FL 245",
                "coordenada_original": "385625S-0673043W"
            }
        },
        {
            "type": "Feature",
            "geometry": {
                "type": "Point",
                "coordinates": [
                    -68.154722,
                    -38.950278
                ]
            },
            "properties": {
                "aerovia": "W32",
                "waypoint": "NEU",
                "nivel_vuelo": "FL 245",
                "coordenada_original": "385701S-0680917W"
            }
        },
        {
            "type": "Feature",
            "geometry": {
                "type": "Point",
                "coordinates": [
                    -68.730556,
                    -39.174167
                ]
            },
            "properties": {
                "aerovia": "W32",
                "waypoint": "SAZN",
                "nivel_vuelo": "FL 110",
                "coordenada_original": "391027S-0684350W"
            }
        },
        {
            "type": "Feature",
            "geometry": {
                "type": "Point",
                "coordinates": [
                    -70.485,
                    -39.829722
                ]
            },
            "properties": {
                "aerovia": "W32",
                "waypoint": "EKOTA",
                "nivel_vuelo": "FL 110",
                "coordenada_original": "394947S-0702906W"
            }
        },
        {
            "type": "Feature",
            "geometry": {
                "type": "Point",
                "coordinates": [
                    -71.095278,
                    -40.048889
                ]
            },
            "properties": {
                "aerovia": "W32",
                "waypoint": "CHP",
                "nivel_vuelo": "FL 145",
                "coordenada_original": "400256S-0710543W"
            }
        },
        {
            "type": "Feature",
            "geometry": {
                "type": "Point",
                "coordinates": [
                    -71.138611,
                    -40.558056
                ]
            },
            "properties": {
                "aerovia": "W32",
                "waypoint": "ALGIL",
                "nivel_vuelo": "FL 110",
                "coordenada_original": "403329S-0710819W"
            }
        },
        {
            "type": "Feature",
            "geometry": {
                "type": "Point",
                "coordinates": [
                    -71.188889,
                    -41.140278
                ]
            },
            "properties": {
                "aerovia": "W32",
                "waypoint": "BAR",
                "nivel_vuelo": "FL 110",
                "coordenada_original": "410825S-0711120W"
            }
        },
        {
            "type": "Feature",
            "geometry": {
                "type": "Point",
                "coordinates": [
                    -57.576389,
                    -37.929722
                ]
            },
            "properties": {
                "aerovia": "W33",
                "waypoint": "MDP",
                "nivel_vuelo": "FL 195",
                "coordenada_original": "375547S-0573435W"
            }
        },
        {
            "type": "Feature",
            "geometry": {
                "type": "Point",
                "coordinates": [
                    -58.086389,
                    -38.227778
                ]
            },
            "properties": {
                "aerovia": "W33",
                "waypoint": "ROGAS",
                "nivel_vuelo": "FL 50",
                "coordenada_original": "381340S-0580511W"
            }
        },
        {
            "type": "Feature",
            "geometry": {
                "type": "Point",
                "coordinates": [
                    -61.461944,
                    -40.085
                ]
            },
            "properties": {
                "aerovia": "W33",
                "waypoint": "KORGA",
                "nivel_vuelo": "FL 150",
                "coordenada_original": "400506S-0612743W"
            }
        },
        {
            "type": "Feature",
            "geometry": {
                "type": "Point",
                "coordinates": [
                    -62.450278,
                    -40.592222
                ]
            },
            "properties": {
                "aerovia": "W33",
                "waypoint": "SILUS",
                "nivel_vuelo": "FL 150",
                "coordenada_original": "403532S-0622701W"
            }
        },
        {
            "type": "Feature",
            "geometry": {
                "type": "Point",
                "coordinates": [
                    -63.000833,
                    -40.867222
                ]
            },
            "properties": {
                "aerovia": "W33",
                "waypoint": "VIE",
                "nivel_vuelo": "FL 45",
                "coordenada_original": "405202S-0630003W"
            }
        },
        {
            "type": "Feature",
            "geometry": {
                "type": "Point",
                "coordinates": [
                    -63.659722,
                    -40.911667
                ]
            },
            "properties": {
                "aerovia": "W33",
                "waypoint": "LOMUS",
                "nivel_vuelo": "FL 50",
                "coordenada_original": "405442S-0633935W"
            }
        },
        {
            "type": "Feature",
            "geometry": {
                "type": "Point",
                "coordinates": [
                    -67.9425,
                    -41.101944
                ]
            },
            "properties": {
                "aerovia": "W33",
                "waypoint": "SEMGA",
                "nivel_vuelo": "FL 50",
                "coordenada_original": "410607S-0675633W"
            }
        },
        {
            "type": "Feature",
            "geometry": {
                "type": "Point",
                "coordinates": [
                    -69.664167,
                    -41.133611
                ]
            },
            "properties": {
                "aerovia": "W33",
                "waypoint": "ATOMO",
                "nivel_vuelo": "FL 145",
                "coordenada_original": "410801S-0693951W"
            }
        },
        {
            "type": "Feature",
            "geometry": {
                "type": "Point",
                "coordinates": [
                    -70.414444,
                    -41.139444
                ]
            },
            "properties": {
                "aerovia": "W33",
                "waypoint": "PUNOL",
                "nivel_vuelo": "FL 80",
                "coordenada_original": "410822S-0702452W"
            }
        },
        {
            "type": "Feature",
            "geometry": {
                "type": "Point",
                "coordinates": [
                    -71.188889,
                    -41.140278
                ]
            },
            "properties": {
                "aerovia": "W33",
                "waypoint": "BAR",
                "nivel_vuelo": "FL 80",
                "coordenada_original": "410825S-0711120W"
            }
        },
        {
            "type": "Feature",
            "geometry": {
                "type": "Point",
                "coordinates": [
                    -62.158333,
                    -38.72
                ]
            },
            "properties": {
                "aerovia": "W34",
                "waypoint": "BCA",
                "nivel_vuelo": "FL 195",
                "coordenada_original": "384312S-0620930W"
            }
        },
        {
            "type": "Feature",
            "geometry": {
                "type": "Point",
                "coordinates": [
                    -63.251944,
                    -39.060278
                ]
            },
            "properties": {
                "aerovia": "W34",
                "waypoint": "GENAX",
                "nivel_vuelo": "FL 245",
                "coordenada_original": "390337S-0631507W"
            }
        },
        {
            "type": "Feature",
            "geometry": {
                "type": "Point",
                "coordinates": [
                    -64.676944,
                    -39.482778
                ]
            },
            "properties": {
                "aerovia": "W34",
                "waypoint": "PULKA",
                "nivel_vuelo": "FL 100",
                "coordenada_original": "392858S-0644037W"
            }
        },
        {
            "type": "Feature",
            "geometry": {
                "type": "Point",
                "coordinates": [
                    -68.025,
                    -40.391111
                ]
            },
            "properties": {
                "aerovia": "W34",
                "waypoint": "EKOPA",
                "nivel_vuelo": "FL 100",
                "coordenada_original": "402328S-0680130W"
            }
        },
        {
            "type": "Feature",
            "geometry": {
                "type": "Point",
                "coordinates": [
                    -70.4475,
                    -40.973889
                ]
            },
            "properties": {
                "aerovia": "W34",
                "waypoint": "ORERA",
                "nivel_vuelo": "FL 135",
                "coordenada_original": "405826S-0702651W"
            }
        },
        {
            "type": "Feature",
            "geometry": {
                "type": "Point",
                "coordinates": [
                    -71.188889,
                    -41.140278
                ]
            },
            "properties": {
                "aerovia": "W34",
                "waypoint": "BAR",
                "nivel_vuelo": "FL 140",
                "coordenada_original": "410825S-0711120W"
            }
        },
        {
            "type": "Feature",
            "geometry": {
                "type": "Point",
                "coordinates": [
                    -68.154722,
                    -38.950278
                ]
            },
            "properties": {
                "aerovia": "W37",
                "waypoint": "NEU",
                "nivel_vuelo": "FL 245",
                "coordenada_original": "385701S-0680917W"
            }
        },
        {
            "type": "Feature",
            "geometry": {
                "type": "Point",
                "coordinates": [
                    -68.183611,
                    -38.450833
                ]
            },
            "properties": {
                "aerovia": "W37",
                "waypoint": "SAZN",
                "nivel_vuelo": "FL 145",
                "coordenada_original": "382703S-0681101W"
            }
        },
        {
            "type": "Feature",
            "geometry": {
                "type": "Point",
                "coordinates": [
                    -68.241944,
                    -37.424444
                ]
            },
            "properties": {
                "aerovia": "W37",
                "waypoint": "ARVET",
                "nivel_vuelo": "FL 60",
                "coordenada_original": "372528S-0681431W"
            }
        },
        {
            "type": "Feature",
            "geometry": {
                "type": "Point",
                "coordinates": [
                    -68.368611,
                    -35.088333
                ]
            },
            "properties": {
                "aerovia": "W37",
                "waypoint": "ISEGA",
                "nivel_vuelo": "FL 195",
                "coordenada_original": "350518S-0682207W"
            }
        },
        {
            "type": "Feature",
            "geometry": {
                "type": "Point",
                "coordinates": [
                    -68.394722,
                    -34.589444
                ]
            },
            "properties": {
                "aerovia": "W37",
                "waypoint": "SRA",
                "nivel_vuelo": "FL 160",
                "coordenada_original": "343522S-0682341W"
            }
        },
        {
            "type": "Feature",
            "geometry": {
                "type": "Point",
                "coordinates": [
                    -68.691111,
                    -34.154444
                ]
            },
            "properties": {
                "aerovia": "W37",
                "waypoint": "OPTUL",
                "nivel_vuelo": "FL 145",
                "coordenada_original": "340916S-0684128W"
            }
        },
        {
            "type": "Feature",
            "geometry": {
                "type": "Point",
                "coordinates": [
                    -68.8675,
                    -33.899444
                ]
            },
            "properties": {
                "aerovia": "W37",
                "waypoint": "ESITO",
                "nivel_vuelo": "FL 90",
                "coordenada_original": "335358S-0685203W"
            }
        },
        {
            "type": "Feature",
            "geometry": {
                "type": "Point",
                "coordinates": [
                    -65.247222,
                    -43.2025
                ]
            },
            "properties": {
                "aerovia": "W38",
                "waypoint": "TRE",
                "nivel_vuelo": "N/A",
                "coordenada_original": "431209S-0651450W"
            }
        },
        {
            "type": "Feature",
            "geometry": {
                "type": "Point",
                "coordinates": [
                    -66.397222,
                    -42.8375
                ]
            },
            "properties": {
                "aerovia": "W38",
                "waypoint": "SILAN",
                "nivel_vuelo": "FL 45",
                "coordenada_original": "425015S-0662350W"
            }
        },
        {
            "type": "Feature",
            "geometry": {
                "type": "Point",
                "coordinates": [
                    -67.790556,
                    -42.373611
                ]
            },
            "properties": {
                "aerovia": "W38",
                "waypoint": "PAKAL",
                "nivel_vuelo": "FL 50",
                "coordenada_original": "422225S-0674726W"
            }
        },
        {
            "type": "Feature",
            "geometry": {
                "type": "Point",
                "coordinates": [
                    -69.371944,
                    -41.818056
                ]
            },
            "properties": {
                "aerovia": "W38",
                "waypoint": "NITLO",
                "nivel_vuelo": "FL 195",
                "coordenada_original": "414905S-0692219W"
            }
        },
        {
            "type": "Feature",
            "geometry": {
                "type": "Point",
                "coordinates": [
                    -70.496389,
                    -41.403611
                ]
            },
            "properties": {
                "aerovia": "W38",
                "waypoint": "ATIRA",
                "nivel_vuelo": "FL 100",
                "coordenada_original": "412413S-0702947W"
            }
        },
        {
            "type": "Feature",
            "geometry": {
                "type": "Point",
                "coordinates": [
                    -71.188889,
                    -41.140278
                ]
            },
            "properties": {
                "aerovia": "W38",
                "waypoint": "BAR",
                "nivel_vuelo": "FL 100",
                "coordenada_original": "410825S-0711120W"
            }
        },
        {
            "type": "Feature",
            "geometry": {
                "type": "Point",
                "coordinates": [
                    -67.371667,
                    -45.773333
                ]
            },
            "properties": {
                "aerovia": "W39",
                "waypoint": "CRV",
                "nivel_vuelo": "FL 195",
                "coordenada_original": "454624S-0672218W"
            }
        },
        {
            "type": "Feature",
            "geometry": {
                "type": "Point",
                "coordinates": [
                    -68.062778,
                    -44.995556
                ]
            },
            "properties": {
                "aerovia": "W39",
                "waypoint": "EGEGU",
                "nivel_vuelo": "FL 70",
                "coordenada_original": "445944S-0680346W"
            }
        },
        {
            "type": "Feature",
            "geometry": {
                "type": "Point",
                "coordinates": [
                    -69.751667,
                    -42.983611
                ]
            },
            "properties": {
                "aerovia": "W39",
                "waypoint": "IROLA",
                "nivel_vuelo": "FL 245",
                "coordenada_original": "425901S-0694506W"
            }
        },
        {
            "type": "Feature",
            "geometry": {
                "type": "Point",
                "coordinates": [
                    -70.803611,
                    -41.646944
                ]
            },
            "properties": {
                "aerovia": "W39",
                "waypoint": "ATAKO",
                "nivel_vuelo": "FL 95",
                "coordenada_original": "413849S-0704813W"
            }
        },
        {
            "type": "Feature",
            "geometry": {
                "type": "Point",
                "coordinates": [
                    -71.188889,
                    -41.140278
                ]
            },
            "properties": {
                "aerovia": "W39",
                "waypoint": "BAR",
                "nivel_vuelo": "FL 100",
                "coordenada_original": "410825S-0711120W"
            }
        },
        {
            "type": "Feature",
            "geometry": {
                "type": "Point",
                "coordinates": [
                    -65.247222,
                    -43.2025
                ]
            },
            "properties": {
                "aerovia": "W40",
                "waypoint": "TRE",
                "nivel_vuelo": "N/A",
                "coordenada_original": "431209S-0651450W"
            }
        },
        {
            "type": "Feature",
            "geometry": {
                "type": "Point",
                "coordinates": [
                    -66.503056,
                    -43.159444
                ]
            },
            "properties": {
                "aerovia": "W40",
                "waypoint": "EKATO",
                "nivel_vuelo": "FL 145",
                "coordenada_original": "430934S-0663011W"
            }
        },
        {
            "type": "Feature",
            "geometry": {
                "type": "Point",
                "coordinates": [
                    -67.704444,
                    -43.105278
                ]
            },
            "properties": {
                "aerovia": "W40",
                "waypoint": "ELADA",
                "nivel_vuelo": "FL 50",
                "coordenada_original": "430619S-0674216W"
            }
        },
        {
            "type": "Feature",
            "geometry": {
                "type": "Point",
                "coordinates": [
                    -69.751667,
                    -42.983611
                ]
            },
            "properties": {
                "aerovia": "W40",
                "waypoint": "IROLA",
                "nivel_vuelo": "FL 50",
                "coordenada_original": "425901S-0694506W"
            }
        },
        {
            "type": "Feature",
            "geometry": {
                "type": "Point",
                "coordinates": [
                    -70.425556,
                    -42.935556
                ]
            },
            "properties": {
                "aerovia": "W40",
                "waypoint": "ASUTO",
                "nivel_vuelo": "FL 105",
                "coordenada_original": "425608S-0702532W"
            }
        },
        {
            "type": "Feature",
            "geometry": {
                "type": "Point",
                "coordinates": [
                    -71.100278,
                    -42.887222
                ]
            },
            "properties": {
                "aerovia": "W40",
                "waypoint": "SAVE",
                "nivel_vuelo": "FL 110",
                "coordenada_original": "425314S-0710601W"
            }
        },
        {
            "type": "Feature",
            "geometry": {
                "type": "Point",
                "coordinates": [
                    -69.371944,
                    -41.818056
                ]
            },
            "properties": {
                "aerovia": "W41",
                "waypoint": "NITLO",
                "nivel_vuelo": "N/A",
                "coordenada_original": "414905S-0692219W"
            }
        },
        {
            "type": "Feature",
            "geometry": {
                "type": "Point",
                "coordinates": [
                    -70.578056,
                    -42.566111
                ]
            },
            "properties": {
                "aerovia": "W41",
                "waypoint": "OPLAS",
                "nivel_vuelo": "FL 120",
                "coordenada_original": "423358S-0703441W"
            }
        },
        {
            "type": "Feature",
            "geometry": {
                "type": "Point",
                "coordinates": [
                    -71.100278,
                    -42.887222
                ]
            },
            "properties": {
                "aerovia": "W41",
                "waypoint": "ESQ",
                "nivel_vuelo": "FL 145",
                "coordenada_original": "425314S-0710601W"
            }
        },
        {
            "type": "Feature",
            "geometry": {
                "type": "Point",
                "coordinates": [
                    -69.330556,
                    -51.611667
                ]
            },
            "properties": {
                "aerovia": "W42",
                "waypoint": "GAL",
                "nivel_vuelo": "N/A",
                "coordenada_original": "513642S 0691950W"
            }
        },
        {
            "type": "Feature",
            "geometry": {
                "type": "Point",
                "coordinates": [
                    -68.479167,
                    -52.8025
                ]
            },
            "properties": {
                "aerovia": "W42",
                "waypoint": "MUBES",
                "nivel_vuelo": "FL 145",
                "coordenada_original": "524809S-0682845W"
            }
        },
        {
            "type": "Feature",
            "geometry": {
                "type": "Point",
                "coordinates": [
                    -67.745833,
                    -53.775278
                ]
            },
            "properties": {
                "aerovia": "W42",
                "waypoint": "GRA",
                "nivel_vuelo": "FL 60",
                "coordenada_original": "534631S-0674445W"
            }
        },
        {
            "type": "Feature",
            "geometry": {
                "type": "Point",
                "coordinates": [
                    -68.109722,
                    -54.5
                ]
            },
            "properties": {
                "aerovia": "L130",
                "waypoint": "KEXOP",
                "nivel_vuelo": "FL 195",
                "coordenada_original": "543000S-0680635W"
            }
        },
        {
            "type": "Feature",
            "geometry": {
                "type": "Point",
                "coordinates": [
                    -68.284167,
                    -54.838056
                ]
            },
            "properties": {
                "aerovia": "L130",
                "waypoint": "USU",
                "nivel_vuelo": "FL 110",
                "coordenada_original": "545017S-0681703W"
            }
        },
        {
            "type": "Feature",
            "geometry": {
                "type": "Point",
                "coordinates": [
                    -68.421389,
                    -31.563889
                ]
            },
            "properties": {
                "aerovia": "W44",
                "waypoint": "JUAN",
                "nivel_vuelo": "N/A",
                "coordenada_original": "313350S-0682517W"
            }
        },
        {
            "type": "Feature",
            "geometry": {
                "type": "Point",
                "coordinates": [
                    -68.336944,
                    -32.058611
                ]
            },
            "properties": {
                "aerovia": "W44",
                "waypoint": "MEBRA",
                "nivel_vuelo": "FL 195",
                "coordenada_original": "320331S-0682013W"
            }
        },
        {
            "type": "Feature",
            "geometry": {
                "type": "Point",
                "coordinates": [
                    -68.233056,
                    -32.658889
                ]
            },
            "properties": {
                "aerovia": "W44",
                "waypoint": "NIRTA",
                "nivel_vuelo": "FL 70",
                "coordenada_original": "323932S-0681359W"
            }
        },
        {
            "type": "Feature",
            "geometry": {
                "type": "Point",
                "coordinates": [
                    -68.790833,
                    -32.831944
                ]
            },
            "properties": {
                "aerovia": "W44",
                "waypoint": "DOZ",
                "nivel_vuelo": "FL 245",
                "coordenada_original": "324955S-0684727W"
            }
        },
        {
            "type": "Feature",
            "geometry": {
                "type": "Point",
                "coordinates": [
                    -68.8675,
                    -33.899444
                ]
            },
            "properties": {
                "aerovia": "W44",
                "waypoint": "ESITO",
                "nivel_vuelo": "FL 110",
                "coordenada_original": "335358S-0685203W"
            }
        },
        {
            "type": "Feature",
            "geometry": {
                "type": "Point",
                "coordinates": [
                    -69.578611,
                    -35.486111
                ]
            },
            "properties": {
                "aerovia": "W44",
                "waypoint": "MLG",
                "nivel_vuelo": "FL 130",
                "coordenada_original": "352910S-0693443W"
            }
        },
        {
            "type": "Feature",
            "geometry": {
                "type": "Point",
                "coordinates": [
                    -69.708056,
                    -35.975
                ]
            },
            "properties": {
                "aerovia": "W44",
                "waypoint": "ISORO",
                "nivel_vuelo": "FL 245",
                "coordenada_original": "355830S-0694229W"
            }
        },
        {
            "type": "Feature",
            "geometry": {
                "type": "Point",
                "coordinates": [
                    -69.843056,
                    -36.478333
                ]
            },
            "properties": {
                "aerovia": "W44",
                "waypoint": "VUGDU",
                "nivel_vuelo": "FL 160",
                "coordenada_original": "362842S-0695035W"
            }
        },
        {
            "type": "Feature",
            "geometry": {
                "type": "Point",
                "coordinates": [
                    -70.344444,
                    -38.287778
                ]
            },
            "properties": {
                "aerovia": "W44",
                "waypoint": "MOCHO",
                "nivel_vuelo": "FL 160",
                "coordenada_original": "381716S-0702040W"
            }
        },
        {
            "type": "Feature",
            "geometry": {
                "type": "Point",
                "coordinates": [
                    -70.728611,
                    -39.615833
                ]
            },
            "properties": {
                "aerovia": "W44",
                "waypoint": "SIPUG",
                "nivel_vuelo": "FL 195",
                "coordenada_original": "393657S-0704343W"
            }
        },
        {
            "type": "Feature",
            "geometry": {
                "type": "Point",
                "coordinates": [
                    -71.014722,
                    -40.571944
                ]
            },
            "properties": {
                "aerovia": "W44",
                "waypoint": "CHATO",
                "nivel_vuelo": "FL 130",
                "coordenada_original": "403419S-0710053W"
            }
        },
        {
            "type": "Feature",
            "geometry": {
                "type": "Point",
                "coordinates": [
                    -71.188889,
                    -41.140278
                ]
            },
            "properties": {
                "aerovia": "W44",
                "waypoint": "BAR",
                "nivel_vuelo": "FL 130",
                "coordenada_original": "410825S-0711120W"
            }
        },
        {
            "type": "Feature",
            "geometry": {
                "type": "Point",
                "coordinates": [
                    -71.161111,
                    -41.723333
                ]
            },
            "properties": {
                "aerovia": "W44",
                "waypoint": "TORES",
                "nivel_vuelo": "FL 105",
                "coordenada_original": "414324S-0710940W"
            }
        },
        {
            "type": "Feature",
            "geometry": {
                "type": "Point",
                "coordinates": [
                    -71.100278,
                    -42.887222
                ]
            },
            "properties": {
                "aerovia": "W44",
                "waypoint": "ESQ",
                "nivel_vuelo": "FL 110",
                "coordenada_original": "425314S-0710601W"
            }
        },
        {
            "type": "Feature",
            "geometry": {
                "type": "Point",
                "coordinates": [
                    -67.812778,
                    -49.309722
                ]
            },
            "properties": {
                "aerovia": "W45",
                "waypoint": "SJU",
                "nivel_vuelo": "N/A",
                "coordenada_original": "491835S-0674846W"
            }
        },
        {
            "type": "Feature",
            "geometry": {
                "type": "Point",
                "coordinates": [
                    -67.805833,
                    -49.811667
                ]
            },
            "properties": {
                "aerovia": "W45",
                "waypoint": "COM",
                "nivel_vuelo": "N/A",
                "coordenada_original": "494842S-0674821W"
            }
        },
        {
            "type": "Feature",
            "geometry": {
                "type": "Point",
                "coordinates": [
                    -67.763056,
                    -52.708333
                ]
            },
            "properties": {
                "aerovia": "W45",
                "waypoint": "SASTA",
                "nivel_vuelo": "FL 140",
                "coordenada_original": "524230S-0674547W"
            }
        },
        {
            "type": "Feature",
            "geometry": {
                "type": "Point",
                "coordinates": [
                    -67.745833,
                    -53.775278
                ]
            },
            "properties": {
                "aerovia": "W45",
                "waypoint": "GRA",
                "nivel_vuelo": "FL 140",
                "coordenada_original": "534631S-0674445W"
            }
        },
        {
            "type": "Feature",
            "geometry": {
                "type": "Point",
                "coordinates": [
                    -72.045556,
                    -50.278333
                ]
            },
            "properties": {
                "aerovia": "W48",
                "waypoint": "ECA",
                "nivel_vuelo": "N/A",
                "coordenada_original": "501642S-0720244W"
            }
        },
        {
            "type": "Feature",
            "geometry": {
                "type": "Point",
                "coordinates": [
                    -71.293889,
                    -49.614167
                ]
            },
            "properties": {
                "aerovia": "W48",
                "waypoint": "ASOPA",
                "nivel_vuelo": "N/A",
                "coordenada_original": "493651S-0711738W"
            }
        },
        {
            "type": "Feature",
            "geometry": {
                "type": "Point",
                "coordinates": [
                    -70.036111,
                    -48.446389
                ]
            },
            "properties": {
                "aerovia": "W48",
                "waypoint": "BOKUK",
                "nivel_vuelo": "FL 145",
                "coordenada_original": "482647S-0700210W"
            }
        },
        {
            "type": "Feature",
            "geometry": {
                "type": "Point",
                "coordinates": [
                    -68.109167,
                    -46.544444
                ]
            },
            "properties": {
                "aerovia": "W48",
                "waypoint": "GILVO",
                "nivel_vuelo": "FL 90",
                "coordenada_original": "463240S-0680633W"
            }
        },
        {
            "type": "Feature",
            "geometry": {
                "type": "Point",
                "coordinates": [
                    -67.371667,
                    -45.773333
                ]
            },
            "properties": {
                "aerovia": "W48",
                "waypoint": "CRV",
                "nivel_vuelo": "FL 90",
                "coordenada_original": "454624S-0672218W"
            }
        },
        {
            "type": "Feature",
            "geometry": {
                "type": "Point",
                "coordinates": [
                    -67.371667,
                    -45.773333
                ]
            },
            "properties": {
                "aerovia": "W49",
                "waypoint": "CRV",
                "nivel_vuelo": "N/A",
                "coordenada_original": "454624S-0672218W"
            }
        },
        {
            "type": "Feature",
            "geometry": {
                "type": "Point",
                "coordinates": [
                    -67.643611,
                    -46.67
                ]
            },
            "properties": {
                "aerovia": "W49",
                "waypoint": "BODUN",
                "nivel_vuelo": "FL 65",
                "coordenada_original": "464012S-0673837W"
            }
        },
        {
            "type": "Feature",
            "geometry": {
                "type": "Point",
                "coordinates": [
                    -67.898889,
                    -47.484444
                ]
            },
            "properties": {
                "aerovia": "W49",
                "waypoint": "ORUDO",
                "nivel_vuelo": "FL 70",
                "coordenada_original": "472904S-0675356W"
            }
        },
        {
            "type": "Feature",
            "geometry": {
                "type": "Point",
                "coordinates": [
                    -71.100278,
                    -42.887222
                ]
            },
            "properties": {
                "aerovia": "W50",
                "waypoint": "ESQ",
                "nivel_vuelo": "N/A",
                "coordenada_original": "425314S-0710601W"
            }
        },
        {
            "type": "Feature",
            "geometry": {
                "type": "Point",
                "coordinates": [
                    -70.65,
                    -43.256944
                ]
            },
            "properties": {
                "aerovia": "W50",
                "waypoint": "SAVE",
                "nivel_vuelo": "FL 105",
                "coordenada_original": "431525S-0703900W"
            }
        },
        {
            "type": "Feature",
            "geometry": {
                "type": "Point",
                "coordinates": [
                    -68.274722,
                    -45.110833
                ]
            },
            "properties": {
                "aerovia": "W50",
                "waypoint": "VUKNA",
                "nivel_vuelo": "FL 110",
                "coordenada_original": "450639S-0681629W"
            }
        },
        {
            "type": "Feature",
            "geometry": {
                "type": "Point",
                "coordinates": [
                    -67.371667,
                    -45.773333
                ]
            },
            "properties": {
                "aerovia": "W50",
                "waypoint": "CRV",
                "nivel_vuelo": "FL 70",
                "coordenada_original": "454624S-0672218W"
            }
        },
        {
            "type": "Feature",
            "geometry": {
                "type": "Point",
                "coordinates": [
                    -65.133611,
                    -47.471667
                ]
            },
            "properties": {
                "aerovia": "W50",
                "waypoint": "DAGOK",
                "nivel_vuelo": "FL 245",
                "coordenada_original": "472818S-0650801W"
            }
        },
        {
            "type": "Feature",
            "geometry": {
                "type": "Point",
                "coordinates": [
                    -60.550833,
                    -50.576944
                ]
            },
            "properties": {
                "aerovia": "W50",
                "waypoint": "LOMIN",
                "nivel_vuelo": "FL 60",
                "coordenada_original": "503437S-0603303W"
            }
        },
        {
            "type": "Feature",
            "geometry": {
                "type": "Point",
                "coordinates": [
                    -58.419722,
                    -51.826111
                ]
            },
            "properties": {
                "aerovia": "W50",
                "waypoint": "MTP",
                "nivel_vuelo": "FL 60",
                "coordenada_original": "514934S-0582511W"
            }
        },
        {
            "type": "Feature",
            "geometry": {
                "type": "Point",
                "coordinates": [
                    -69.330556,
                    -51.611667
                ]
            },
            "properties": {
                "aerovia": "W52",
                "waypoint": "GAL",
                "nivel_vuelo": "N/A",
                "coordenada_original": "513642S 0691950W"
            }
        },
        {
            "type": "Feature",
            "geometry": {
                "type": "Point",
                "coordinates": [
                    -70.497222,
                    -51.055278
                ]
            },
            "properties": {
                "aerovia": "W52",
                "waypoint": "DEVIS",
                "nivel_vuelo": "N/A",
                "coordenada_original": "510319S-0702950W"
            }
        },
        {
            "type": "Feature",
            "geometry": {
                "type": "Point",
                "coordinates": [
                    -71.158889,
                    -50.728889
                ]
            },
            "properties": {
                "aerovia": "W52",
                "waypoint": "BUVOK",
                "nivel_vuelo": "FL 85",
                "coordenada_original": "504344S-0710932W"
            }
        },
        {
            "type": "Feature",
            "geometry": {
                "type": "Point",
                "coordinates": [
                    -71.433056,
                    -50.591111
                ]
            },
            "properties": {
                "aerovia": "W52",
                "waypoint": "KIBAR",
                "nivel_vuelo": "FL 90",
                "coordenada_original": "503528S-0712559W"
            }
        },
        {
            "type": "Feature",
            "geometry": {
                "type": "Point",
                "coordinates": [
                    -72.045556,
                    -50.278333
                ]
            },
            "properties": {
                "aerovia": "W52",
                "waypoint": "ECA",
                "nivel_vuelo": "FL 90",
                "coordenada_original": "501642S-0720244W"
            }
        },
        {
            "type": "Feature",
            "geometry": {
                "type": "Point",
                "coordinates": [
                    -69.330556,
                    -51.611667
                ]
            },
            "properties": {
                "aerovia": "W54",
                "waypoint": "GAL",
                "nivel_vuelo": "N/A",
                "coordenada_original": "513642S 0691950W"
            }
        },
        {
            "type": "Feature",
            "geometry": {
                "type": "Point",
                "coordinates": [
                    -68.084444,
                    -51.691667
                ]
            },
            "properties": {
                "aerovia": "W54",
                "waypoint": "SUNKO",
                "nivel_vuelo": "N/A",
                "coordenada_original": "514130S-0680504W"
            }
        },
        {
            "type": "Feature",
            "geometry": {
                "type": "Point",
                "coordinates": [
                    -66.001111,
                    -51.788333
                ]
            },
            "properties": {
                "aerovia": "W54",
                "waypoint": "ASKAS",
                "nivel_vuelo": "FL 55",
                "coordenada_original": "514718S-0660004W"
            }
        },
        {
            "type": "Feature",
            "geometry": {
                "type": "Point",
                "coordinates": [
                    -62.467778,
                    -51.861944
                ]
            },
            "properties": {
                "aerovia": "W54",
                "waypoint": "DIGIS",
                "nivel_vuelo": "FL 60",
                "coordenada_original": "515143S-0622804W"
            }
        },
        {
            "type": "Feature",
            "geometry": {
                "type": "Point",
                "coordinates": [
                    -58.419722,
                    -51.826111
                ]
            },
            "properties": {
                "aerovia": "W54",
                "waypoint": "MTP",
                "nivel_vuelo": "FL 60",
                "coordenada_original": "514934S-0582511W"
            }
        },
        {
            "type": "Feature",
            "geometry": {
                "type": "Point",
                "coordinates": [
                    -60.781389,
                    -32.905
                ]
            },
            "properties": {
                "aerovia": "W55",
                "waypoint": "ROS",
                "nivel_vuelo": "N/A",
                "coordenada_original": "325418S-0604653W"
            }
        },
        {
            "type": "Feature",
            "geometry": {
                "type": "Point",
                "coordinates": [
                    -61.366667,
                    -32.814722
                ]
            },
            "properties": {
                "aerovia": "W55",
                "waypoint": "GEDUK",
                "nivel_vuelo": "FL 50",
                "coordenada_original": "324853S-0612200W"
            }
        },
        {
            "type": "Feature",
            "geometry": {
                "type": "Point",
                "coordinates": [
                    -62.161111,
                    -32.686111
                ]
            },
            "properties": {
                "aerovia": "W55",
                "waypoint": "MJZ",
                "nivel_vuelo": "FL 50",
                "coordenada_original": "324110S-0620940W"
            }
        },
        {
            "type": "Feature",
            "geometry": {
                "type": "Point",
                "coordinates": [
                    -67.745833,
                    -53.775278
                ]
            },
            "properties": {
                "aerovia": "W56",
                "waypoint": "GRA",
                "nivel_vuelo": "N/A",
                "coordenada_original": "534631S-0674445W"
            }
        },
        {
            "type": "Feature",
            "geometry": {
                "type": "Point",
                "coordinates": [
                    -66.833333,
                    -55.0
                ]
            },
            "properties": {
                "aerovia": "W56",
                "waypoint": "BONTA",
                "nivel_vuelo": "FL 130",
                "coordenada_original": "550000S-0665000W"
            }
        },
        {
            "type": "Feature",
            "geometry": {
                "type": "Point",
                "coordinates": [
                    -65.733333,
                    -56.38
                ]
            },
            "properties": {
                "aerovia": "W56",
                "waypoint": "GEBOS",
                "nivel_vuelo": "FL 65",
                "coordenada_original": "562248S-0654400W"
            }
        },
        {
            "type": "Feature",
            "geometry": {
                "type": "Point",
                "coordinates": [
                    -64.168056,
                    -58.000278
                ]
            },
            "properties": {
                "aerovia": "W56",
                "waypoint": "LOMUR",
                "nivel_vuelo": "FL 70",
                "coordenada_original": "580001S-0641005W"
            }
        },
        {
            "type": "Feature",
            "geometry": {
                "type": "Point",
                "coordinates": [
                    -62.084444,
                    -60.000278
                ]
            },
            "properties": {
                "aerovia": "W56",
                "waypoint": "MIDAL",
                "nivel_vuelo": "FL 70",
                "coordenada_original": "600001S-0620504W"
            }
        },
        {
            "type": "Feature",
            "geometry": {
                "type": "Point",
                "coordinates": [
                    -60.686389,
                    -61.206111
                ]
            },
            "properties": {
                "aerovia": "W56",
                "waypoint": "KRILL",
                "nivel_vuelo": "FL 245",
                "coordenada_original": "611222S-0604111W"
            }
        },
        {
            "type": "Feature",
            "geometry": {
                "type": "Point",
                "coordinates": [
                    -59.667778,
                    -62.000556
                ]
            },
            "properties": {
                "aerovia": "W56",
                "waypoint": "KAGEN",
                "nivel_vuelo": "FL 120",
                "coordenada_original": "620002S-0594004W"
            }
        },
        {
            "type": "Feature",
            "geometry": {
                "type": "Point",
                "coordinates": [
                    -57.836944,
                    -63.391389
                ]
            },
            "properties": {
                "aerovia": "W56",
                "waypoint": "UDEPI",
                "nivel_vuelo": "FL 120",
                "coordenada_original": "632329S-0575013W"
            }
        },
        {
            "type": "Feature",
            "geometry": {
                "type": "Point",
                "coordinates": [
                    -56.62,
                    -64.234722
                ]
            },
            "properties": {
                "aerovia": "W56",
                "waypoint": "MBI",
                "nivel_vuelo": "FL 90",
                "coordenada_original": "641405S-0563712W"
            }
        },
        {
            "type": "Feature",
            "geometry": {
                "type": "Point",
                "coordinates": [
                    -71.7125,
                    -45.913056
                ]
            },
            "properties": {
                "aerovia": "W58",
                "waypoint": "BAL",
                "nivel_vuelo": "N/A",
                "coordenada_original": "455447S-0714245W"
            }
        },
        {
            "type": "Feature",
            "geometry": {
                "type": "Point",
                "coordinates": [
                    -71.233333,
                    -45.9
                ]
            },
            "properties": {
                "aerovia": "W58",
                "waypoint": "AROPO",
                "nivel_vuelo": "FL 090",
                "coordenada_original": "455400S-0711400W"
            }
        },
        {
            "type": "Feature",
            "geometry": {
                "type": "Point",
                "coordinates": [
                    -70.871111,
                    -45.898333
                ]
            },
            "properties": {
                "aerovia": "W58",
                "waypoint": "ORBAL",
                "nivel_vuelo": "FL 195",
                "coordenada_original": "455354S-0705216W"
            }
        },
        {
            "type": "Feature",
            "geometry": {
                "type": "Point",
                "coordinates": [
                    -70.550833,
                    -45.889722
                ]
            },
            "properties": {
                "aerovia": "W58",
                "waypoint": "MIKIM",
                "nivel_vuelo": "FL 80",
                "coordenada_original": "455323S-0703303W"
            }
        },
        {
            "type": "Feature",
            "geometry": {
                "type": "Point",
                "coordinates": [
                    -68.683889,
                    -45.833056
                ]
            },
            "properties": {
                "aerovia": "W58",
                "waypoint": "ETASO",
                "nivel_vuelo": "FL 80",
                "coordenada_original": "454959S-0684102W"
            }
        },
        {
            "type": "Feature",
            "geometry": {
                "type": "Point",
                "coordinates": [
                    -67.371667,
                    -45.773333
                ]
            },
            "properties": {
                "aerovia": "W58",
                "waypoint": "CRV",
                "nivel_vuelo": "FL 80",
                "coordenada_original": "454624S-0672218W"
            }
        },
        {
            "type": "Feature",
            "geometry": {
                "type": "Point",
                "coordinates": [
                    -57.898333,
                    -34.975833
                ]
            },
            "properties": {
                "aerovia": "W59",
                "waypoint": "PTA",
                "nivel_vuelo": "N/A",
                "coordenada_original": "345833S-0575354W"
            }
        },
        {
            "type": "Feature",
            "geometry": {
                "type": "Point",
                "coordinates": [
                    -57.717222,
                    -35.449444
                ]
            },
            "properties": {
                "aerovia": "W59",
                "waypoint": "TEDAR",
                "nivel_vuelo": "FL 70",
                "coordenada_original": "352658S-0574302W"
            }
        },
        {
            "type": "Feature",
            "geometry": {
                "type": "Point",
                "coordinates": [
                    -57.625278,
                    -35.691944
                ]
            },
            "properties": {
                "aerovia": "W59",
                "waypoint": "ISTER",
                "nivel_vuelo": "FL 70",
                "coordenada_original": "354131S-0573731W"
            }
        },
        {
            "type": "Feature",
            "geometry": {
                "type": "Point",
                "coordinates": [
                    -57.399444,
                    -36.281111
                ]
            },
            "properties": {
                "aerovia": "W59",
                "waypoint": "EKEMO",
                "nivel_vuelo": "FL 145",
                "coordenada_original": "361652S-0572358W"
            }
        },
        {
            "type": "Feature",
            "geometry": {
                "type": "Point",
                "coordinates": [
                    -57.212778,
                    -36.758056
                ]
            },
            "properties": {
                "aerovia": "W59",
                "waypoint": "MUDNO",
                "nivel_vuelo": "FL 50",
                "coordenada_original": "364529S-0571246W"
            }
        },
        {
            "type": "Feature",
            "geometry": {
                "type": "Point",
                "coordinates": [
                    -57.023889,
                    -37.234722
                ]
            },
            "properties": {
                "aerovia": "W59",
                "waypoint": "GES",
                "nivel_vuelo": "FL 50",
                "coordenada_original": "371405S-0570126W"
            }
        },
        {
            "type": "Feature",
            "geometry": {
                "type": "Point",
                "coordinates": [
                    -57.023889,
                    -37.234722
                ]
            },
            "properties": {
                "aerovia": "W60",
                "waypoint": "GES",
                "nivel_vuelo": "FL 245",
                "coordenada_original": "371405S-0570126W"
            }
        },
        {
            "type": "Feature",
            "geometry": {
                "type": "Point",
                "coordinates": [
                    -57.680833,
                    -36.995278
                ]
            },
            "properties": {
                "aerovia": "W60",
                "waypoint": "PULPA",
                "nivel_vuelo": "FL 60",
                "coordenada_original": "365943S-0574051W"
            }
        },
        {
            "type": "Feature",
            "geometry": {
                "type": "Point",
                "coordinates": [
                    -60.768333,
                    -36.126944
                ]
            },
            "properties": {
                "aerovia": "W61",
                "waypoint": "SIKAR",
                "nivel_vuelo": "N/A",
                "coordenada_original": "360737S-0604606W"
            }
        },
        {
            "type": "Feature",
            "geometry": {
                "type": "Point",
                "coordinates": [
                    -62.222778,
                    -36.326111
                ]
            },
            "properties": {
                "aerovia": "W61",
                "waypoint": "PABEV",
                "nivel_vuelo": "FL 245",
                "coordenada_original": "361934S-0621322W"
            }
        },
        {
            "type": "Feature",
            "geometry": {
                "type": "Point",
                "coordinates": [
                    -63.644722,
                    -36.507778
                ]
            },
            "properties": {
                "aerovia": "W61",
                "waypoint": "KOTUK",
                "nivel_vuelo": "FL 60",
                "coordenada_original": "363028S-0633841W"
            }
        },
        {
            "type": "Feature",
            "geometry": {
                "type": "Point",
                "coordinates": [
                    -64.272778,
                    -36.583611
                ]
            },
            "properties": {
                "aerovia": "W61",
                "waypoint": "OSA",
                "nivel_vuelo": "FL 60",
                "coordenada_original": "363501S-0641622W"
            }
        },
        {
            "type": "Feature",
            "geometry": {
                "type": "Point",
                "coordinates": [
                    -64.272778,
                    -36.583611
                ]
            },
            "properties": {
                "aerovia": "W62",
                "waypoint": "OSA",
                "nivel_vuelo": "N/A",
                "coordenada_original": "363501S-0641622W"
            }
        },
        {
            "type": "Feature",
            "geometry": {
                "type": "Point",
                "coordinates": [
                    -64.006111,
                    -36.131944
                ]
            },
            "properties": {
                "aerovia": "W62",
                "waypoint": "XIXOS",
                "nivel_vuelo": "N/A",
                "coordenada_original": "360755S-0640022W"
            }
        },
        {
            "type": "Feature",
            "geometry": {
                "type": "Point",
                "coordinates": [
                    -63.762222,
                    -35.692222
                ]
            },
            "properties": {
                "aerovia": "W62",
                "waypoint": "GPI",
                "nivel_vuelo": "FL 45",
                "coordenada_original": "354132S-0634544W"
            }
        },
        {
            "type": "Feature",
            "geometry": {
                "type": "Point",
                "coordinates": [
                    -63.541944,
                    -34.869167
                ]
            },
            "properties": {
                "aerovia": "W62",
                "waypoint": "EDNAP",
                "nivel_vuelo": "FL 50",
                "coordenada_original": "345209S-0633231W"
            }
        },
        {
            "type": "Feature",
            "geometry": {
                "type": "Point",
                "coordinates": [
                    -63.360833,
                    -34.141389
                ]
            },
            "properties": {
                "aerovia": "W62",
                "waypoint": "LYE",
                "nivel_vuelo": "FL 50",
                "coordenada_original": "340829S-0632139W"
            }
        },
        {
            "type": "Feature",
            "geometry": {
                "type": "Point",
                "coordinates": [
                    -68.284167,
                    -54.838056
                ]
            },
            "properties": {
                "aerovia": "W63",
                "waypoint": "USU",
                "nivel_vuelo": "N/A",
                "coordenada_original": "545017S-0681703W"
            }
        },
        {
            "type": "Feature",
            "geometry": {
                "type": "Point",
                "coordinates": [
                    -68.280556,
                    -54.841667
                ]
            },
            "properties": {
                "aerovia": "W63",
                "waypoint": "PUNTO_INTERMEDIO",
                "nivel_vuelo": "N/A",
                "coordenada_original": "545030S-0681650W"
            }
        },
        {
            "type": "Feature",
            "geometry": {
                "type": "Point",
                "coordinates": [
                    -68.317778,
                    -54.5
                ]
            },
            "properties": {
                "aerovia": "W63",
                "waypoint": "UGIRA",
                "nivel_vuelo": "FL 195",
                "coordenada_original": "543000S-0681904W"
            }
        },
        {
            "type": "Feature",
            "geometry": {
                "type": "Point",
                "coordinates": [
                    -68.421389,
                    -53.408333
                ]
            },
            "properties": {
                "aerovia": "W63",
                "waypoint": "LOKEN",
                "nivel_vuelo": "FL 140",
                "coordenada_original": "532430S-0682517W"
            }
        },
        {
            "type": "Feature",
            "geometry": {
                "type": "Point",
                "coordinates": [
                    -68.479167,
                    -52.8025
                ]
            },
            "properties": {
                "aerovia": "W63",
                "waypoint": "MUBES",
                "nivel_vuelo": "FL 245",
                "coordenada_original": "524809S-0682845W"
            }
        },
        {
            "type": "Feature",
            "geometry": {
                "type": "Point",
                "coordinates": [
                    -69.330556,
                    -51.611667
                ]
            },
            "properties": {
                "aerovia": "W63",
                "waypoint": "GAL",
                "nivel_vuelo": "FL 60",
                "coordenada_original": "513642S 0691950W"
            }
        },
        {
            "type": "Feature",
            "geometry": {
                "type": "Point",
                "coordinates": [
                    -68.998889,
                    -50.718056
                ]
            },
            "properties": {
                "aerovia": "W63",
                "waypoint": "KADEB",
                "nivel_vuelo": "FL 65",
                "coordenada_original": "504305S-0685956W"
            }
        },
        {
            "type": "Feature",
            "geometry": {
                "type": "Point",
                "coordinates": [
                    -68.708611,
                    -49.906667
                ]
            },
            "properties": {
                "aerovia": "W63",
                "waypoint": "ILPIK",
                "nivel_vuelo": "FL 70",
                "coordenada_original": "495424S-0684231W"
            }
        },
        {
            "type": "Feature",
            "geometry": {
                "type": "Point",
                "coordinates": [
                    -68.790833,
                    -32.831944
                ]
            },
            "properties": {
                "aerovia": "W64",
                "waypoint": "DOZ",
                "nivel_vuelo": "FL 245",
                "coordenada_original": "324955S-0684727W"
            }
        },
        {
            "type": "Feature",
            "geometry": {
                "type": "Point",
                "coordinates": [
                    -67.703333,
                    -32.909722
                ]
            },
            "properties": {
                "aerovia": "W64",
                "waypoint": "KAMUV",
                "nivel_vuelo": "FL 70",
                "coordenada_original": "325435S-0674212W"
            }
        },
        {
            "type": "Feature",
            "geometry": {
                "type": "Point",
                "coordinates": [
                    -67.394444,
                    -32.925
                ]
            },
            "properties": {
                "aerovia": "W64",
                "waypoint": "VADON",
                "nivel_vuelo": "FL 200",
                "coordenada_original": "325530S-0672340W"
            }
        },
        {
            "type": "Feature",
            "geometry": {
                "type": "Point",
                "coordinates": [
                    -63.564444,
                    -32.051667
                ]
            },
            "properties": {
                "aerovia": "W65",
                "waypoint": "SIMES",
                "nivel_vuelo": "N/A",
                "coordenada_original": "320306S-0633352W"
            }
        },
        {
            "type": "Feature",
            "geometry": {
                "type": "Point",
                "coordinates": [
                    -63.9725,
                    -32.657778
                ]
            },
            "properties": {
                "aerovia": "W65",
                "waypoint": "TESIT",
                "nivel_vuelo": "N/A",
                "coordenada_original": "323928S-0635821W"
            }
        },
        {
            "type": "Feature",
            "geometry": {
                "type": "Point",
                "coordinates": [
                    -64.265,
                    -33.092222
                ]
            },
            "properties": {
                "aerovia": "W65",
                "waypoint": "RCU",
                "nivel_vuelo": "FL 65",
                "coordenada_original": "330532S-0641554W"
            }
        },
        {
            "type": "Feature",
            "geometry": {
                "type": "Point",
                "coordinates": [
                    -64.637222,
                    -33.306667
                ]
            },
            "properties": {
                "aerovia": "W65",
                "waypoint": "VURTA",
                "nivel_vuelo": "FL 70",
                "coordenada_original": "331824S-0643814W"
            }
        },
        {
            "type": "Feature",
            "geometry": {
                "type": "Point",
                "coordinates": [
                    -65.381111,
                    -33.728611
                ]
            },
            "properties": {
                "aerovia": "W65",
                "waypoint": "RYD",
                "nivel_vuelo": "FL 70",
                "coordenada_original": "334343S-0652252W"
            }
        },
        {
            "type": "Feature",
            "geometry": {
                "type": "Point",
                "coordinates": [
                    -65.708889,
                    -34.373889
                ]
            },
            "properties": {
                "aerovia": "W65",
                "waypoint": "ENTOS",
                "nivel_vuelo": "FL 245",
                "coordenada_original": "342226S-0654232W"
            }
        },
        {
            "type": "Feature",
            "geometry": {
                "type": "Point",
                "coordinates": [
                    -66.366111,
                    -35.635
                ]
            },
            "properties": {
                "aerovia": "W65",
                "waypoint": "SOTLA",
                "nivel_vuelo": "FL 180",
                "coordenada_original": "353806S-0662158W"
            }
        },
        {
            "type": "Feature",
            "geometry": {
                "type": "Point",
                "coordinates": [
                    -67.028333,
                    -36.899722
                ]
            },
            "properties": {
                "aerovia": "W65",
                "waypoint": "KIMIS",
                "nivel_vuelo": "FL 180",
                "coordenada_original": "365359S-0670142W"
            }
        },
        {
            "type": "Feature",
            "geometry": {
                "type": "Point",
                "coordinates": [
                    -67.897222,
                    -38.4925
                ]
            },
            "properties": {
                "aerovia": "W65",
                "waypoint": "OSEKO",
                "nivel_vuelo": "FL 60",
                "coordenada_original": "382933S-0675350W"
            }
        },
        {
            "type": "Feature",
            "geometry": {
                "type": "Point",
                "coordinates": [
                    -68.154722,
                    -38.950278
                ]
            },
            "properties": {
                "aerovia": "W65",
                "waypoint": "NEU",
                "nivel_vuelo": "FL 195",
                "coordenada_original": "385701S-0680917W"
            }
        },
        {
            "type": "Feature",
            "geometry": {
                "type": "Point",
                "coordinates": [
                    -66.711944,
                    -31.7775
                ]
            },
            "properties": {
                "aerovia": "W66",
                "waypoint": "PAMAL",
                "nivel_vuelo": "N/A",
                "coordenada_original": "314639S-0664243W"
            }
        },
        {
            "type": "Feature",
            "geometry": {
                "type": "Point",
                "coordinates": [
                    -67.841111,
                    -31.639167
                ]
            },
            "properties": {
                "aerovia": "W66",
                "waypoint": "ISUSA",
                "nivel_vuelo": "FL 145",
                "coordenada_original": "313821S-0675028W"
            }
        },
        {
            "type": "Feature",
            "geometry": {
                "type": "Point",
                "coordinates": [
                    -68.421389,
                    -31.563889
                ]
            },
            "properties": {
                "aerovia": "W66",
                "waypoint": "JUA",
                "nivel_vuelo": "FL 120",
                "coordenada_original": "313350S-0682517W"
            }
        },
        {
            "type": "Feature",
            "geometry": {
                "type": "Point",
                "coordinates": [
                    -62.158333,
                    -38.72
                ]
            },
            "properties": {
                "aerovia": "W67",
                "waypoint": "BCA",
                "nivel_vuelo": "N/A",
                "coordenada_original": "384312S-0620930W"
            }
        },
        {
            "type": "Feature",
            "geometry": {
                "type": "Point",
                "coordinates": [
                    -62.884444,
                    -38.001389
                ]
            },
            "properties": {
                "aerovia": "W67",
                "waypoint": "AKNOS",
                "nivel_vuelo": "FL 245",
                "coordenada_original": "380005S-0625304W"
            }
        },
        {
            "type": "Feature",
            "geometry": {
                "type": "Point",
                "coordinates": [
                    -63.884444,
                    -36.988611
                ]
            },
            "properties": {
                "aerovia": "W67",
                "waypoint": "OGLER",
                "nivel_vuelo": "FL 45",
                "coordenada_original": "365919S-0635304W"
            }
        },
        {
            "type": "Feature",
            "geometry": {
                "type": "Point",
                "coordinates": [
                    -64.272778,
                    -36.583611
                ]
            },
            "properties": {
                "aerovia": "W67",
                "waypoint": "OSA",
                "nivel_vuelo": "FL 50",
                "coordenada_original": "363501S-0641622W"
            }
        },
        {
            "type": "Feature",
            "geometry": {
                "type": "Point",
                "coordinates": [
                    -68.394722,
                    -34.589444
                ]
            },
            "properties": {
                "aerovia": "W68",
                "waypoint": "SRA",
                "nivel_vuelo": "N/A",
                "coordenada_original": "343522S-0682341W"
            }
        },
        {
            "type": "Feature",
            "geometry": {
                "type": "Point",
                "coordinates": [
                    -67.814444,
                    -34.738056
                ]
            },
            "properties": {
                "aerovia": "W68",
                "waypoint": "SATRA",
                "nivel_vuelo": "FL 65",
                "coordenada_original": "344417S-0674852W"
            }
        },
        {
            "type": "Feature",
            "geometry": {
                "type": "Point",
                "coordinates": [
                    -64.763611,
                    -35.469722
                ]
            },
            "properties": {
                "aerovia": "W68",
                "waypoint": "UTRET",
                "nivel_vuelo": "FL 70",
                "coordenada_original": "352811S-0644549W"
            }
        },
        {
            "type": "Feature",
            "geometry": {
                "type": "Point",
                "coordinates": [
                    -63.762222,
                    -35.692222
                ]
            },
            "properties": {
                "aerovia": "W68",
                "waypoint": "GPI",
                "nivel_vuelo": "FL 70",
                "coordenada_original": "354132S-0634544W"
            }
        },
        {
            "type": "Feature",
            "geometry": {
                "type": "Point",
                "coordinates": [
                    -61.743611,
                    -35.387222
                ]
            },
            "properties": {
                "aerovia": "W68",
                "waypoint": "IRASU",
                "nivel_vuelo": "FL 70",
                "coordenada_original": "352314S-0614437W"
            }
        },
        {
            "type": "Feature",
            "geometry": {
                "type": "Point",
                "coordinates": [
                    -60.348611,
                    -35.153611
                ]
            },
            "properties": {
                "aerovia": "W68",
                "waypoint": "BODIR",
                "nivel_vuelo": "FL 45",
                "coordenada_original": "350913S-0602055W"
            }
        },
        {
            "type": "Feature",
            "geometry": {
                "type": "Point",
                "coordinates": [
                    -59.625833,
                    -35.025833
                ]
            },
            "properties": {
                "aerovia": "W68",
                "waypoint": "ASADA",
                "nivel_vuelo": "FL 50",
                "coordenada_original": "350133S-0593733W"
            }
        },
        {
            "type": "Feature",
            "geometry": {
                "type": "Point",
                "coordinates": [
                    -58.535278,
                    -34.824167
                ]
            },
            "properties": {
                "aerovia": "W68",
                "waypoint": "EZE",
                "nivel_vuelo": "FL 50",
                "coordenada_original": "344927S-0583207W"
            }
        },
        {
            "type": "Feature",
            "geometry": {
                "type": "Point",
                "coordinates": [
                    -64.203611,
                    -31.313333
                ]
            },
            "properties": {
                "aerovia": "W69",
                "waypoint": "CBA",
                "nivel_vuelo": "N/A",
                "coordenada_original": "311848S-0641213W"
            }
        },
        {
            "type": "Feature",
            "geometry": {
                "type": "Point",
                "coordinates": [
                    -63.136111,
                    -31.255833
                ]
            },
            "properties": {
                "aerovia": "W69",
                "waypoint": "MAVBI",
                "nivel_vuelo": "N/A",
                "coordenada_original": "311521S-0630810W"
            }
        },
        {
            "type": "Feature",
            "geometry": {
                "type": "Point",
                "coordinates": [
                    -62.075556,
                    -31.197222
                ]
            },
            "properties": {
                "aerovia": "W69",
                "waypoint": "DOPRI",
                "nivel_vuelo": "FL 050",
                "coordenada_original": "311150S-0620432W"
            }
        },
        {
            "type": "Feature",
            "geometry": {
                "type": "Point",
                "coordinates": [
                    -63.789167,
                    -28.8025
                ]
            },
            "properties": {
                "aerovia": "W70",
                "waypoint": "SISAP",
                "nivel_vuelo": "N/A",
                "coordenada_original": "284809S-0634721W"
            }
        },
        {
            "type": "Feature",
            "geometry": {
                "type": "Point",
                "coordinates": [
                    -64.16,
                    -28.260833
                ]
            },
            "properties": {
                "aerovia": "W70",
                "waypoint": "DIKOR",
                "nivel_vuelo": "FL 245",
                "coordenada_original": "281539S-0640936W"
            }
        },
        {
            "type": "Feature",
            "geometry": {
                "type": "Point",
                "coordinates": [
                    -64.653056,
                    -27.530833
                ]
            },
            "properties": {
                "aerovia": "W70",
                "waypoint": "PUBER",
                "nivel_vuelo": "FL 50",
                "coordenada_original": "273151S-0643911W"
            }
        },
        {
            "type": "Feature",
            "geometry": {
                "type": "Point",
                "coordinates": [
                    -65.108333,
                    -26.845833
                ]
            },
            "properties": {
                "aerovia": "W70",
                "waypoint": "TUC",
                "nivel_vuelo": "FL 50",
                "coordenada_original": "265045S-0650630W"
            }
        },
        {
            "type": "Feature",
            "geometry": {
                "type": "Point",
                "coordinates": [
                    -67.005,
                    -33.699444
                ]
            },
            "properties": {
                "aerovia": "W71",
                "waypoint": "LOLIV",
                "nivel_vuelo": "N/A",
                "coordenada_original": "334158S-0670018W"
            }
        },
        {
            "type": "Feature",
            "geometry": {
                "type": "Point",
                "coordinates": [
                    -67.354167,
                    -33.531389
                ]
            },
            "properties": {
                "aerovia": "W71",
                "waypoint": "ANLIS",
                "nivel_vuelo": "FL 245",
                "coordenada_original": "333153S-0672115W"
            }
        },
        {
            "type": "Feature",
            "geometry": {
                "type": "Point",
                "coordinates": [
                    -67.847778,
                    -33.293333
                ]
            },
            "properties": {
                "aerovia": "W71",
                "waypoint": "DOSLO",
                "nivel_vuelo": "FL 70",
                "coordenada_original": "331736S-0675052W"
            }
        },
        {
            "type": "Feature",
            "geometry": {
                "type": "Point",
                "coordinates": [
                    -68.790833,
                    -32.831944
                ]
            },
            "properties": {
                "aerovia": "W71",
                "waypoint": "DOZ",
                "nivel_vuelo": "FL 70",
                "coordenada_original": "324955S-0684727W"
            }
        },
        {
            "type": "Feature",
            "geometry": {
                "type": "Point",
                "coordinates": [
                    -60.781389,
                    -32.905
                ]
            },
            "properties": {
                "aerovia": "W72",
                "waypoint": "ROS",
                "nivel_vuelo": "N/A",
                "coordenada_original": "325418S-0604653W"
            }
        },
        {
            "type": "Feature",
            "geometry": {
                "type": "Point",
                "coordinates": [
                    -61.011111,
                    -33.160556
                ]
            },
            "properties": {
                "aerovia": "W72",
                "waypoint": "VUMKI",
                "nivel_vuelo": "FL 45",
                "coordenada_original": "330938S-0610040W"
            }
        },
        {
            "type": "Feature",
            "geometry": {
                "type": "Point",
                "coordinates": [
                    -62.108333,
                    -34.354444
                ]
            },
            "properties": {
                "aerovia": "W72",
                "waypoint": "ARMUP",
                "nivel_vuelo": "FL 50",
                "coordenada_original": "342116S-0620630W"
            }
        },
        {
            "type": "Feature",
            "geometry": {
                "type": "Point",
                "coordinates": [
                    -64.272778,
                    -36.583611
                ]
            },
            "properties": {
                "aerovia": "W73",
                "waypoint": "OSA",
                "nivel_vuelo": "N/A",
                "coordenada_original": "363501S-0641622W"
            }
        },
        {
            "type": "Feature",
            "geometry": {
                "type": "Point",
                "coordinates": [
                    -63.744722,
                    -36.336389
                ]
            },
            "properties": {
                "aerovia": "W73",
                "waypoint": "TIMKU",
                "nivel_vuelo": "FL 45",
                "coordenada_original": "362011S-0634441W"
            }
        },
        {
            "type": "Feature",
            "geometry": {
                "type": "Point",
                "coordinates": [
                    -61.743611,
                    -35.387222
                ]
            },
            "properties": {
                "aerovia": "W73",
                "waypoint": "IRASU",
                "nivel_vuelo": "FL 50",
                "coordenada_original": "352314S-0614437W"
            }
        },
        {
            "type": "Feature",
            "geometry": {
                "type": "Point",
                "coordinates": [
                    -58.535278,
                    -34.824167
                ]
            },
            "properties": {
                "aerovia": "W74",
                "waypoint": "EZE",
                "nivel_vuelo": "N/A",
                "coordenada_original": "344927S-0583207W"
            }
        },
        {
            "type": "Feature",
            "geometry": {
                "type": "Point",
                "coordinates": [
                    -58.575278,
                    -33.908056
                ]
            },
            "properties": {
                "aerovia": "W74",
                "waypoint": "LANDA",
                "nivel_vuelo": "FL 145",
                "coordenada_original": "335429S-0583431W"
            }
        },
        {
            "type": "Feature",
            "geometry": {
                "type": "Point",
                "coordinates": [
                    -58.614167,
                    -33.009722
                ]
            },
            "properties": {
                "aerovia": "W74",
                "waypoint": "GUA",
                "nivel_vuelo": "FL 50",
                "coordenada_original": "330035S-0583651W"
            }
        },
        {
            "type": "Feature",
            "geometry": {
                "type": "Point",
                "coordinates": [
                    -60.225556,
                    -36.516111
                ]
            },
            "properties": {
                "aerovia": "L2",
                "waypoint": "EGANI",
                "nivel_vuelo": "FL 250",
                "coordenada_original": "363058S-0601332W"
            }
        },
        {
            "type": "Feature",
            "geometry": {
                "type": "Point",
                "coordinates": [
                    -59.229444,
                    -37.225
                ]
            },
            "properties": {
                "aerovia": "L2",
                "waypoint": "DIL",
                "nivel_vuelo": "FL 250",
                "coordenada_original": "371330S-0591346W"
            }
        },
        {
            "type": "Feature",
            "geometry": {
                "type": "Point",
                "coordinates": [
                    -57.576389,
                    -37.929722
                ]
            },
            "properties": {
                "aerovia": "L2",
                "waypoint": "MDP",
                "nivel_vuelo": "FL 250",
                "coordenada_original": "375547S-0573435W"
            }
        }
    ]
}